IPAddress,Duration (in seconds),ResponseId,LocationLatitude,LocationLongitude,Q4,Q5_1,Q5_2,Q5_3,Q5_4,Q5_5,Q5_6,Q5_7,Q5_8,Q5_9,Q5_10,Q5_11,Q5_12,Q5_13,Q5_14,Q5_15,Q5_16,Q5_17,Q7_1,Q7_2,Q7_3,Q7_4,Q7_5,Q7_6,Q7_7,Q7_8,Q7_9,Q7_10,Q7_11,Q7_12,Q7_13,Q7_14,Q7_15,Q7_16,Q7_17,Q7_18,Q7_19,Q8_1,Q8_2,Q8_3,Q8_4,Q8_5,Q8_6,Q8_7,Q8_8,Q8_9,Q8_10,Q8_11,Q8_12,Q8_13,Q8_14,Q8_15,Q10,Q11,Q12,Q14,Q15,Q16,Q17,Q18
198.182.157.254,239,R_bqkat7vEJIOtO7j,34.41799927,-118.5662003,Yes,3,4,4,3,4,4,4,4,4,4,5,4,4,4,4,3,4,4,4,4,3,4,4,4,3,4,4,4,3,4,4,3,4,4,3,4,4,3,4,3,4,4,4,4,4,5,4,4,4,4,4,2-3 times a week,1-3 years,1-2 hours,Female,26-35,Masters Degree,United States of America,Educational services
174.155.134.32,191,R_4UyBdECON03cUrb,25.85760498,-80.27809906,Yes,4,5,4,4,6,5,5,4,5,4,4,4,3,3,4,4,5,6,5,5,5,6,5,5,5,6,5,5,4,5,4,5,5,6,5,5,4,4,5,4,4,5,4,4,5,6,5,5,4,4,5,2-3 times a week,7-12 months,1-2 hours,Female,26-35,High School,United States of America,Real estate or rental and leasing
45.46.112.52,140,R_9BL6eXmPRlTawEl,46.91209412,-68.04309845,Yes,4,6,4,3,5,5,6,4,5,5,2,5,3,5,5,4,4,5,3,5,5,4,6,6,4,4,6,5,5,4,6,5,4,6,5,6,5,4,5,4,3,4,4,4,5,5,3,4,4,5,5,2-3 times a week,1-3 years,Less than one hour,Male,26-35,4-year College Degree,United States of America,"Arts, entertainment or recreation"
172.56.23.132,410,R_6EasCVITCdtBRI1,42.46420288,-70.97170258,Yes,4,4,3,4,3,4,4,4,1,5,4,3,5,3,3,5,4,4,5,4,4,4,4,4,3,3,2,4,5,2,4,4,4,3,5,5,2,3,4,3,4,3,3,4,3,3,4,4,3,3,4,2-3 times a week,7-12 months,2-5 hours,Male,36-50,High School,United States of America,"Professional, scientific or technical services"
65.96.122.144,171,R_3PMRpp5cpHj5e1D,43.64419556,-72.30660248,Yes,4,5,4,4,4,4,3,7,1,7,4,7,5,4,4,6,6,7,5,7,5,5,7,5,7,3,7,3,3,6,7,7,7,5,7,5,5,7,4,4,4,4,7,4,4,1,7,4,7,5,5,2-3 times a week,More than 3 years,Less than one hour,Female,36-50,Masters Degree,United States of America,Construction
68.112.234.118,219,R_3lV20yTSoLXFX4p,42.27229309,-72.40200043,Yes,4,5,5,6,4,6,5,4,4,5,5,6,6,4,4,5,5,4,5,5,5,4,6,4,4,7,5,4,4,6,5,5,5,4,4,5,4,6,5,5,4,4,5,5,5,4,4,5,4,5,5,2-3 times a week,1-3 years,2-5 hours,Female,26-35,4-year College Degree,United States of America,Other services (except public administration)
98.248.134.139,360,R_aVSNUYQNxTpHrBb,37.50790405,-121.9598999,Yes,4,4,5,4,5,5,2,5,6,4,4,3,5,4,5,4,5,4,3,5,5,2,5,4,5,3,2,4,5,6,2,5,5,5,2,4,4,2,6,4,5,2,4,5,4,3,4,4,6,6,4,2-3 times a week,1-3 years,1-2 hours,Male,26-35,4-year College Degree,United States of America,Information
192.173.149.24,332,R_cZ1PQyt5DTaYg0B,30.32460022,-81.68509674,Yes,4,3,4,4,4,4,5,4,4,4,3,4,4,3,4,4,4,5,4,3,4,5,4,3,4,5,4,3,4,5,4,3,5,3,4,5,4,3,4,3,4,3,4,4,3,4,4,4,3,4,4,2-3 times a week,7-12 months,2-5 hours,Male,Under 25,4-year College Degree,United States of America,"Professional, scientific or technical services"
96.61.1.250,235,R_ac31I1eJnwFD0c5,44.49499512,-75.29039764,Yes,4,4,4,4,5,5,5,5,4,4,4,5,5,4,4,5,5,4,4,4,4,5,5,5,5,5,5,4,5,5,4,5,5,4,5,5,4,4,5,4,5,4,5,4,5,4,5,5,5,4,5,2-3 times a week,More than 3 years,Less than one hour,Male,26-35,Some College,United States of America,Transportation or warehousing
70.195.4.155,226,R_2r68OBE1rFnZb6Z,38.89979553,-94.7052002,Yes,4,4,4,4,4,4,4,4,4,4,4,4,4,4,4,4,4,4,4,4,4,4,4,4,4,4,4,4,4,4,4,4,4,4,4,4,4,4,4,4,4,4,4,4,4,4,4,4,4,4,4,2-3 times a week,1-3 years,Less than one hour,Female,36-50,Masters Degree,United States of America,Finance or insurance
54.174.77.195,310,R_1OBntyLT7RuK6Tz,39.04370117,-77.48750305,Yes,5,3,2,2,2,2,5,2,7,5,1,1,1,2,6,2,2,4,1,3,2,2,1,1,4,1,1,1,1,1,2,2,3,1,1,1,2,2,1,1,1,2,2,2,2,1,1,2,3,1,1,2-3 times a week,1-3 years,Less than one hour,Male,36-50,Masters Degree,Australia,"Arts, entertainment or recreation"
54.148.44.119,3896,R_2cwG8qCyBkH6e1W,45.83990479,-119.7005997,Yes,5,5,5,5,5,5,5,5,4,5,5,5,5,5,5,5,5,5,5,5,5,5,5,5,5,5,5,5,5,5,5,5,5,5,5,5,4,4,4,4,4,4,4,4,4,4,4,4,4,4,4,2-3 times a week,1-3 years,Less than one hour,Female,26-35,Masters Degree,Australia,"Professional, scientific or technical services"
68.47.127.204,107,R_6S8yo1Dn7mIaayx,45.09379578,-93.00229645,Yes,5,6,7,5,6,7,6,5,6,4,5,7,6,5,2,6,4,5,6,4,5,5,7,5,6,4,5,6,6,4,4,5,5,5,6,6,5,6,4,2,4,6,5,6,6,6,7,5,5,6,7,2-3 times a week,7-12 months,1-2 hours,Male,Under 25,High School,United States of America,Retail trade
71.195.157.35,174,R_3UG1nWmA9FsRQXz,32.25390625,-90.09480286,Yes,5,4,4,5,3,4,4,5,2,4,4,3,4,5,3,5,4,5,3,5,4,5,6,5,6,4,5,5,5,4,5,3,5,3,5,4,5,3,4,2,5,6,5,3,5,5,6,5,6,4,5,2-3 times a week,7-12 months,1-2 hours,Female,26-35,4-year College Degree,United States of America,Retail trade
76.89.223.52,407,R_2l9gXH6bhO9xgxL,33.88800049,-118.1304016,Yes,5,4,4,5,3,2,3,5,4,4,4,5,3,6,6,4,5,5,4,4,5,5,5,4,6,3,3,4,4,3,4,2,4,1,3,3,4,3,3,5,3,3,3,4,4,3,2,3,3,5,4,2-3 times a week,1-3 years,1-2 hours,Male,26-35,Some College,United States of America,Transportation or warehousing
67.197.181.50,226,R_9LBtpkqpYJO5z4p,34.96600342,-81.08070374,Yes,5,4,5,4,4,5,5,4,3,4,5,5,5,5,4,5,5,5,5,5,4,5,5,4,6,5,6,6,6,5,5,5,5,6,5,5,5,5,6,5,4,4,4,5,5,4,5,4,5,4,5,2-3 times a week,1-3 years,1-2 hours,Female,36-50,Masters Degree,United States of America,Educational services
70.162.87.160,304,R_1KMTg441pV3wycR,33.40010071,-111.9290009,Yes,5,5,4,6,5,6,5,5,5,6,4,4,5,4,5,4,5,5,6,5,5,5,6,5,6,5,6,5,5,5,5,5,5,6,5,5,5,5,6,5,4,4,5,5,4,4,5,5,4,6,6,2-3 times a week,1-6 months,5-10 hours,Female,36-50,Masters Degree,United States of America,Educational services
184.156.180.100,119,R_2bJMI7yJrtlfefP,30.53630066,-92.90540314,Yes,5,6,5,5,5,6,5,5,5,5,5,5,5,5,5,5,5,5,6,5,6,6,5,5,5,5,5,5,5,5,5,5,5,5,5,5,5,6,5,5,5,5,5,5,5,5,5,5,5,6,5,2-3 times a week,7-12 months,2-5 hours,Male,36-50,High School,United States of America,"Forestry, fishing, hunting or agriculture support"
76.99.105.250,285,R_3TOie6fWO2mKjt3,40.03259277,-75.11579895,Yes,5,4,1,1,1,1,1,1,7,3,1,1,1,1,4,1,1,3,3,4,1,5,1,4,1,1,1,1,1,1,1,1,1,1,1,1,4,4,3,7,3,1,5,1,3,1,1,5,4,1,3,2-3 times a week,1-3 years,1-2 hours,Male,26-35,2-year College Degree,United States of America,Manufacturing
24.217.169.58,75,R_4VqTTcphVu9VKRL,38.82510376,-90.72889709,Yes,5,5,5,5,5,5,5,4,5,5,5,5,5,4,5,5,5,5,4,5,5,5,5,5,5,4,5,5,5,5,4,4,5,5,5,5,4,4,4,4,4,4,5,4,6,4,5,5,4,4,4,2-3 times a week,1-3 years,1-2 hours,Female,26-35,High School,United States of America,Other services (except public administration)
23.252.184.184,152,R_09bvcYKgKHlXnr7,37.92149353,-83.25959778,Yes,5,3,2,2,6,6,3,1,3,2,3,5,5,6,3,4,7,6,3,4,2,1,2,4,3,4,6,4,5,4,5,3,5,3,5,2,5,6,3,4,5,3,5,3,4,2,3,5,2,3,5,2-3 times a week,More than 3 years,2-5 hours,Male,26-35,High School,United States of America,Other services (except public administration)
107.77.228.73,262,R_55NyxjheulgZtpb,34.0625,-118.1228027,Yes,5,4,2,3,3,4,4,5,5,2,2,1,3,2,2,3,3,3,1,4,3,4,2,1,1,1,1,1,3,1,4,2,1,3,3,1,2,2,3,4,3,5,2,3,1,2,1,3,2,4,2,2-3 times a week,1-3 years,1-2 hours,Male,36-50,4-year College Degree,United States of America,"Professional, scientific or technical services"
76.117.130.34,280,R_bpSrAn43FiNr82N,39.42089844,-74.49770355,Yes,5,4,5,5,5,5,4,6,5,6,5,6,5,5,5,5,6,6,5,5,5,4,6,4,5,4,5,4,5,3,6,5,5,4,5,5,6,5,6,5,6,5,6,5,4,6,5,6,5,6,5,2-3 times a week,7-12 months,1-2 hours,Female,26-35,2-year College Degree,United States of America,Accommodation or food services
108.71.61.36,233,R_5jB4ylJdWP1hQ2h,39.01420593,-94.5951004,Yes,5,5,4,4,4,4,4,4,4,4,4,5,4,4,4,4,5,5,5,5,5,4,4,4,4,4,4,5,4,5,5,5,5,5,5,5,4,2,6,5,5,5,5,5,5,5,5,6,6,6,6,2-3 times a week,1-3 years,2-5 hours,Male,26-35,4-year College Degree,United States of America,Management of companies or enterprises
98.249.61.88,360,R_37u4p5045QaSeHP,37.34399414,-79.20639801,Yes,5,7,6,5,5,7,6,5,6,6,5,4,5,5,7,6,5,5,6,4,7,6,5,5,6,4,5,6,5,4,4,5,6,4,5,4,5,6,4,5,5,6,4,6,5,5,4,6,5,4,5,2-3 times a week,7-12 months,2-5 hours,Male,26-35,4-year College Degree,United States of America,Manufacturing
67.188.172.207,224,R_afLvDOp0iV94tWR,34.95559692,-120.5027008,Yes,5,5,4,5,6,5,6,5,6,5,5,6,6,5,5,6,5,6,5,5,5,6,6,5,5,6,5,5,5,6,6,5,5,6,6,5,6,5,5,3,5,5,5,6,5,6,5,5,5,6,5,2-3 times a week,1-3 years,2-5 hours,Male,26-35,2-year College Degree,United States of America,Manufacturing
69.207.212.13,505,R_ewZDhSpc8HBFx5z,42.48669434,-75.03970337,Yes,5,4,3,4,5,4,3,4,5,3,4,5,4,3,4,5,4,5,4,4,3,4,4,5,4,3,5,4,4,3,4,5,4,3,4,4,4,3,4,5,4,5,5,3,4,5,5,4,3,4,3,2-3 times a week,7-12 months,1-2 hours,Female,26-35,2-year College Degree,United States of America,Educational services
66.87.114.130,641,R_2aRwMBeVApDwxpz,41.10549927,-81.49749756,Yes,5,6,5,5,4,5,5,5,3,4,5,4,6,6,4,5,4,7,4,5,3,5,4,6,6,5,6,5,5,5,5,5,4,4,5,5,5,6,6,3,5,5,5,4,5,5,5,6,6,6,4,2-3 times a week,More than 3 years,1-2 hours,Female,26-35,Masters Degree,United States of America,"Professional, scientific or technical services"
107.12.205.250,267,R_bCpHCfn65PND0jP,34.84809875,-76.6115036,Yes,5,5,5,5,6,6,6,6,2,5,5,5,4,6,4,6,6,5,5,5,4,5,6,5,6,4,4,5,5,4,5,4,6,5,6,6,4,5,6,4,5,5,5,5,5,4,6,5,5,5,5,2-3 times a week,1-6 months,2-5 hours,Female,26-35,Masters Degree,United States of America,Educational services
24.93.161.100,423,R_bIvFdrqhRJc9w5T,41.68919373,-81.32659912,Yes,5,4,3,5,3,4,5,5,4,5,2,4,5,5,3,5,5,5,4,5,3,5,5,5,4,5,5,7,4,3,5,6,5,3,4,4,4,5,4,4,3,4,3,4,5,4,5,4,5,4,4,2-3 times a week,7-12 months,1-2 hours,Female,26-35,High School,United States of America,Transportation or warehousing
50.110.31.141,132,R_1HMkPiDxG3MpCgR,38.30479431,-81.75769806,Yes,5,6,3,5,4,6,5,7,3,4,5,3,6,5,6,5,7,6,4,7,5,3,4,5,4,5,4,6,3,5,4,6,3,5,6,5,5,6,5,5,4,5,4,5,4,7,5,5,4,4,5,2-3 times a week,1-3 years,2-5 hours,Male,26-35,High School,United States of America,Other services (except public administration)
68.11.191.113,252,R_5vvhj0gke5ZV8ah,30.35490417,-91.07679749,Yes,5,3,4,4,3,3,2,5,5,3,3,3,3,5,4,3,3,5,5,3,5,5,3,4,5,4,3,4,3,3,5,5,4,3,4,5,4,5,4,4,3,4,4,5,3,4,4,5,4,5,4,2-3 times a week,More than 3 years,Less than one hour,Female,36-50,Masters Degree,United States of America,Educational services
70.180.107.155,269,R_cunMlCHrpOD7EK9,29.8256073,-90.12110138,Yes,5,4,4,5,5,5,4,4,5,4,4,4,5,5,5,5,5,4,4,5,5,5,4,4,5,5,5,5,4,4,5,5,4,4,5,5,5,4,4,4,5,5,4,5,5,5,4,4,5,5,5,2-3 times a week,7-12 months,Less than one hour,Male,36-50,2-year College Degree,United States of America,Other services (except public administration)
68.228.115.145,259,R_eKhLivsNRmzoNud,29.84849548,-90.06330109,Yes,5,4,4,3,3,4,3,4,4,5,4,4,4,5,5,4,5,5,4,5,5,4,4,4,5,3,3,4,5,3,3,3,4,3,5,4,5,3,3,3,4,6,5,3,4,5,3,3,4,4,3,2-3 times a week,1-3 years,2-5 hours,Male,36-50,Some College,United States of America,"Professional, scientific or technical services"
73.90.207.105,3359,R_eXQ94bZLwrgZhcx,37.71870422,-121.0899048,Yes,5,5,4,6,5,6,7,6,5,6,5,6,6,6,4,4,6,5,6,6,2,7,5,5,6,5,4,7,6,5,7,7,5,6,6,7,4,4,5,4,4,2,5,5,5,5,4,5,4,7,4,2-3 times a week,1-3 years,1-2 hours,Female,36-50,2-year College Degree,United States of America,Management of companies or enterprises
131.188.6.20,491,R_1cUkqKCp7sn2Zws,49.58970642,11.00390625,Yes,6,4,3,4,3,5,6,6,2,4,4,4,5,6,4,5,3,6,2,3,4,5,4,4,5,2,4,3,3,3,3,1,2,2,5,3,3,4,4,6,2,5,5,5,3,3,3,5,5,5,4,2-3 times a week,More than 3 years,Less than one hour,Female,26-35,Masters Degree,Germany,Educational services
74.194.182.171,285,R_3rZpFWwZeQ7E0El,38.23980713,-81.49169922,Yes,6,7,4,5,3,7,5,5,1,5,6,4,5,6,3,7,7,5,5,6,2,6,6,4,4,4,4,5,6,3,4,5,5,3,7,6,5,4,5,3,4,5,7,6,4,5,6,5,5,6,5,2-3 times a week,1-3 years,2-5 hours,Female,Under 25,2-year College Degree,United States of America,Finance or insurance
66.177.69.13,215,R_eDLS110sbGuKzVH,30.25100708,-81.84989929,Yes,6,7,6,7,5,7,6,6,1,5,6,6,7,5,3,6,7,6,7,5,4,6,7,7,4,6,6,7,7,5,7,6,6,5,7,6,5,6,5,6,7,6,7,6,5,6,5,6,6,5,7,2-3 times a week,7-12 months,1-2 hours,Female,26-35,4-year College Degree,United States of America,Management of companies or enterprises
47.138.38.96,212,R_eg5WJ5tFuatQBZH,33.88800049,-118.1304016,Yes,6,6,6,6,5,5,5,6,3,5,4,5,3,5,5,3,5,5,5,4,5,3,5,4,6,4,6,6,6,5,5,5,4,4,6,4,4,5,6,3,4,6,6,7,4,5,5,4,5,5,5,2-3 times a week,7-12 months,2-5 hours,Female,36-50,Some College,United States of America,Other services (except public administration)
96.41.219.240,72,R_b7NQVa6acZJMMkJ,46.07859802,-119.0872955,Yes,6,4,7,5,6,6,2,4,4,6,3,7,5,5,7,4,5,4,4,7,5,6,6,2,4,3,7,5,6,6,2,5,4,7,6,6,3,6,4,7,5,5,2,6,4,7,3,5,5,4,4,2-3 times a week,7-12 months,1-2 hours,Male,26-35,Masters Degree,United States of America,Health care or social assistance
73.10.50.173,85,R_8ri2LNQ12QCrnNP,40.37559509,-74.65969849,Yes,6,6,7,6,6,6,7,7,7,6,6,6,6,6,6,5,6,5,6,5,6,6,6,6,5,6,6,6,5,5,6,6,6,5,6,6,6,5,6,6,5,6,5,5,6,5,5,6,5,5,5,2-3 times a week,More than 3 years,2-5 hours,Female,26-35,4-year College Degree,United States of America,Retail trade
73.2.48.209,393,R_0j0Y8q2bs0XKm5D,36.79670715,-119.9295044,Yes,6,5,2,2,2,3,3,3,3,3,3,5,4,4,5,5,5,4,4,4,5,4,4,4,4,3,2,3,4,2,3,3,3,3,2,3,4,4,4,3,3,3,3,4,3,3,3,3,3,3,3,2-3 times a week,1-3 years,Less than one hour,Male,36-50,Doctoral Degree,United States of America,Educational services
68.4.68.47,934,R_bl4jq2TkIHlx71P,33.75160217,-117.7715988,Yes,6,7,5,4,3,5,3,5,3,5,4,5,5,6,5,5,6,5,3,6,5,4,5,4,5,5,4,5,6,5,5,6,5,5,6,5,6,6,5,5,4,5,5,5,4,5,4,5,5,5,4,2-3 times a week,1-6 months,1-2 hours,Male,26-35,4-year College Degree,United States of America,"Professional, scientific or technical services"
174.61.60.100,389,R_9S4PYd3IkSjfsl7,25.81239319,-80.24009705,Yes,6,7,6,6,7,6,7,6,1,6,6,5,6,6,6,6,6,6,7,7,1,6,6,6,5,5,6,6,6,1,5,6,6,5,6,6,6,6,5,6,6,5,5,6,6,6,6,6,6,7,6,2-3 times a week,More than 3 years,1-2 hours,Female,Over 50,4-year College Degree,United States of America,Information
108.183.61.88,103,R_8ogSVp3REbUnn13,42.05090332,-75.88909912,Yes,6,5,6,5,6,5,6,6,5,5,6,6,5,6,5,5,6,6,5,6,7,6,5,5,6,5,6,6,5,6,5,5,6,5,6,5,6,4,5,6,5,6,4,5,6,5,6,5,6,6,5,2-3 times a week,More than 3 years,Less than one hour,Female,26-35,2-year College Degree,United States of America,Health care or social assistance
24.34.10.74,369,R_3duweMzYvOSih81,42.01780701,-71.02420044,Yes,6,5,4,5,3,6,4,5,2,6,4,2,5,5,2,4,4,5,4,4,5,6,5,4,5,4,4,5,6,2,4,3,4,2,6,4,5,5,6,4,4,5,6,4,5,4,4,5,5,2,4,2-3 times a week,1-3 years,Less than one hour,Female,36-50,4-year College Degree,United States of America,"Professional, scientific or technical services"
47.17.58.9,233,R_38Af900VoAUNcqh,40.87139893,-73.04250336,Yes,6,4,4,5,4,3,3,4,2,5,4,2,4,6,4,5,4,5,5,5,5,6,5,5,5,4,4,4,5,2,5,3,5,2,4,5,3,5,4,6,3,4,4,3,3,1,3,4,4,4,2,2-3 times a week,1-3 years,Less than one hour,Female,36-50,Masters Degree,United States of America,Educational services
66.190.238.29,207,R_07btwWXJs6ujDoh,42.18510437,-121.6141052,Yes,6,5,5,6,5,6,5,5,3,6,6,6,5,4,5,5,5,6,5,5,6,5,5,5,6,5,5,6,5,3,5,4,5,4,5,5,6,5,4,5,5,5,5,6,5,5,6,5,5,6,5,2-3 times a week,1-3 years,1-2 hours,Female,26-35,4-year College Degree,United States of America,Retail trade
74.80.43.73,124,R_7afdUzWeQJlJh89,30.23899841,-91.98950195,Yes,6,6,6,6,6,7,4,5,1,5,5,4,6,4,5,6,5,5,5,7,6,5,3,5,5,5,4,5,6,6,5,6,5,6,5,6,6,5,5,6,6,6,5,6,5,6,5,4,5,6,5,2-3 times a week,1-3 years,1-2 hours,Male,Under 25,High School,United States of America,Health care or social assistance
74.93.236.113,212,R_b1p7bwwewfXIhfL,39.73919678,-104.9847031,Yes,6,5,5,4,6,4,4,5,1,3,4,4,4,3,4,6,5,5,5,4,4,5,5,5,4,5,5,5,4,4,6,5,5,5,4,5,5,4,5,6,5,5,5,3,5,5,4,6,5,5,5,2-3 times a week,1-6 months,1-2 hours,Female,26-35,2-year College Degree,United States of America,Construction
158.222.186.86,385,R_aa9KQpsCDNEYIzr,40.62339783,-74.02880096,Yes,6,5,4,5,5,6,5,5,2,5,4,5,5,6,2,6,5,6,6,6,5,5,5,6,6,5,5,4,6,5,5,6,6,5,6,5,5,6,6,3,5,5,5,5,6,4,5,6,6,5,5,2-3 times a week,1-3 years,1-2 hours,Female,Over 50,Some College,United States of America,Retail trade
96.32.30.9,280,R_8d1KMri9OD7wEm1,41.9691925,-72.01470184,Yes,6,6,4,5,5,5,6,6,1,5,5,5,4,5,3,6,6,6,5,6,4,5,6,6,6,5,5,5,5,4,5,5,5,5,5,5,5,6,6,2,5,4,6,6,5,3,6,6,6,6,6,2-3 times a week,7-12 months,1-2 hours,Male,Over 50,4-year College Degree,United States of America,Unclassified establishments
76.116.95.41,265,R_ehUvkWrNIi3yhRb,40.0256958,-74.89160156,Yes,6,5,5,4,4,5,5,5,5,5,3,3,4,4,4,4,5,5,3,4,5,5,5,4,5,4,4,4,4,4,4,4,5,3,4,5,4,4,4,5,5,5,4,4,5,4,3,6,4,5,5,2-3 times a week,1-3 years,Less than one hour,Male,Over 50,Masters Degree,United States of America,"Arts, entertainment or recreation"
70.106.254.166,281,R_b45GQxJNJEXskQd,39.01800537,-77.53900146,Yes,6,5,5,5,3,3,5,5,5,5,5,5,5,5,6,5,5,6,3,6,5,5,5,5,6,5,5,4,5,5,4,4,5,3,5,5,5,5,5,3,5,5,5,4,5,5,4,5,5,6,5,2-3 times a week,1-3 years,Less than one hour,Female,26-35,4-year College Degree,United States of America,Educational services
172.58.216.16,86,R_1Hr1x0ZObraXb0N,42.35839844,-71.05979919,Yes,6,4,6,6,6,6,4,6,5,5,5,6,5,4,6,5,5,6,6,5,7,6,5,5,6,7,6,6,5,5,6,6,6,7,7,6,6,7,7,6,6,6,7,7,6,6,5,5,6,6,6,2-3 times a week,1-3 years,2-5 hours,Female,Under 25,Some College,United States of America,Educational services
73.176.26.159,136,R_1LB55Gkg4XIOeTH,41.92059326,-87.7016983,Yes,6,5,4,6,6,6,5,5,2,6,4,2,3,5,4,5,4,5,5,6,4,6,5,5,5,5,4,6,5,6,6,4,6,3,5,4,5,6,4,4,5,4,4,6,5,5,6,6,5,4,6,2-3 times a week,1-3 years,1-2 hours,Male,36-50,4-year College Degree,United States of America,Educational services
24.151.227.95,222,R_bqP0DH2OT7jBcTr,35.64889526,-86.9957962,Yes,6,6,5,7,7,7,6,7,1,7,7,7,7,7,7,7,7,7,7,5,6,7,7,5,7,7,7,5,7,6,7,7,7,5,7,7,5,7,7,6,5,7,6,7,5,7,7,7,5,7,7,2-3 times a week,7-12 months,1-2 hours,Female,36-50,High School,United States of America,"Arts, entertainment or recreation"
98.109.92.232,83,R_6L3ZnSzEKD7bEln,40.44259644,-74.13259888,Yes,6,4,6,5,5,4,6,5,5,6,4,4,6,4,7,7,6,6,5,4,5,6,6,5,4,6,5,5,4,4,6,5,4,6,5,5,6,6,4,5,6,5,6,4,6,4,6,6,4,4,6,2-3 times a week,7-12 months,1-2 hours,Male,26-35,Masters Degree,United States of America,"Admin, support, waste management or remediation services"
199.244.117.71,224,R_81zVwm8Z03qiW5T,34.04859924,-118.4423981,Yes,6,7,7,6,6,7,7,6,7,7,7,6,6,6,7,7,7,6,6,7,7,7,6,6,6,7,7,7,6,6,6,7,7,7,6,6,6,7,6,5,5,6,6,6,6,5,5,5,6,6,6,2-3 times a week,7-12 months,5-10 hours,Female,26-35,4-year College Degree,United States of America,Management of companies or enterprises
184.56.113.73,137,R_3eIBj9vQ2R8Oeix,41.07229614,-81.54740143,Yes,6,7,6,5,6,6,7,6,7,6,6,7,6,7,7,7,7,5,6,7,7,6,6,7,7,7,6,6,7,7,7,7,7,6,7,7,6,6,7,5,6,6,6,7,6,5,6,7,6,6,5,2-3 times a week,1-3 years,1-2 hours,Female,Under 25,2-year College Degree,United States of America,"Admin, support, waste management or remediation services"
98.23.136.212,267,R_aXyvisJsGSoQqLr,40.78250122,-96.63899994,Yes,6,5,4,4,5,6,7,6,5,4,5,5,6,5,4,5,6,7,6,5,4,4,5,6,7,7,6,5,4,4,5,6,6,7,4,3,7,3,5,6,7,4,5,6,4,3,5,6,3,5,6,2-3 times a week,7-12 months,2-5 hours,Male,Under 25,High School,United States of America,Construction
108.86.165.203,445,R_eLkQpZebcvMjgtT,41.35980225,-83.12550354,Yes,6,6,5,4,4,4,4,4,3,4,4,4,5,5,5,5,5,5,5,4,6,5,5,4,4,4,4,4,5,5,5,5,5,5,5,4,4,4,5,5,5,4,4,5,5,4,5,4,5,4,4,2-3 times a week,1-3 years,5-10 hours,Male,26-35,4-year College Degree,United States of America,"Forestry, fishing, hunting or agriculture support"
75.118.103.166,256,R_7NH1JU8Fg6R8Rsp,40.08529663,-82.97519684,Yes,6,6,6,7,5,7,6,7,1,7,7,5,6,3,4,6,6,6,7,1,4,7,6,6,7,5,6,6,6,5,7,4,6,5,6,6,5,6,6,2,6,4,5,7,5,5,5,7,6,5,4,2-3 times a week,1-3 years,1-2 hours,Male,36-50,4-year College Degree,United States of America,Retail trade
72.178.16.230,211,R_d57cDtmauSPaEdv,31.90229797,-106.4065018,Yes,6,4,4,6,5,3,6,5,2,5,5,4,6,5,2,5,6,6,4,4,2,6,5,3,6,4,2,5,6,3,6,4,6,6,7,5,4,5,3,2,5,5,6,7,6,4,5,6,6,4,5,2-3 times a week,7-12 months,2-5 hours,Male,36-50,2-year College Degree,United States of America,"Professional, scientific or technical services"
173.54.13.71,265,R_dcA218cuPQbI5bT,40.04570007,-74.11209869,Yes,6,5,4,4,5,5,4,4,3,4,5,5,5,5,4,4,4,4,5,5,4,5,4,3,4,5,5,4,5,4,3,2,4,4,4,4,2,3,2,3,2,2,4,3,5,5,4,3,3,2,3,2-3 times a week,1-3 years,1-2 hours,Female,36-50,4-year College Degree,United States of America,Other services (except public administration)
75.185.250.71,277,R_6lHmiTfKRfb8wpD,39.09719849,-84.12249756,Yes,6,6,4,6,5,6,5,7,1,7,5,5,5,4,5,5,5,5,4,7,4,6,6,6,6,3,4,5,4,3,5,4,5,5,7,5,5,5,7,2,5,6,7,7,6,6,6,6,7,5,7,2-3 times a week,7-12 months,1-2 hours,Male,26-35,High School,United States of America,Construction
74.85.160.71,240,R_cCLWl21wPDCcNoh,34.02850342,-118.3177032,Yes,6,5,6,7,5,6,7,6,6,6,5,6,6,7,6,6,7,6,6,7,6,5,7,7,7,6,5,5,6,6,6,7,7,7,6,6,6,7,7,6,6,6,7,7,6,6,6,7,7,6,6,2-3 times a week,1-3 years,2-5 hours,Male,36-50,4-year College Degree,United States of America,"Arts, entertainment or recreation"
174.105.169.142,100,R_3jV6BhFfzFOHnxP,40.38139343,-82.4992981,Yes,7,5,5,4,5,5,4,5,3,4,4,4,5,5,5,5,5,5,3,6,4,5,4,5,4,5,5,5,5,2,5,5,4,4,5,5,4,4,4,4,5,5,4,4,4,4,5,4,5,5,5,2-3 times a week,More than 3 years,1-2 hours,Female,26-35,Masters Degree,United States of America,Educational services
99.6.243.128,319,R_9LGqrlIoBWfAAcJ,32.66059875,-97.02490234,Yes,7,7,4,7,5,7,6,7,1,7,7,2,7,7,1,7,6,7,6,7,5,7,7,7,7,5,2,6,7,6,5,6,6,5,7,7,7,7,7,1,5,7,7,7,7,7,6,7,7,6,7,2-3 times a week,More than 3 years,1-2 hours,Male,Over 50,4-year College Degree,United States of America,Other services (except public administration)
209.58.130.136,108,R_eUQONjfwCDx9Uhf,37.3874054,-121.9024048,Yes,7,7,7,7,7,7,7,7,7,7,7,7,7,7,7,7,7,7,7,7,7,7,7,7,7,7,7,7,7,7,7,7,7,7,7,7,7,7,7,7,7,7,7,7,7,7,7,7,7,7,7,2-3 times a week,7-12 months,1-2 hours,Male,Under 25,Some College,Costa Rica,Wholesale trade
73.251.98.147,89,R_6RSh6pIt6Mop9n7,37.55769348,-77.37689972,Yes,7,7,7,7,7,7,7,7,7,7,7,7,7,7,7,7,7,7,7,7,7,7,7,7,7,7,7,7,7,7,7,7,7,7,7,7,7,6,6,6,7,7,7,6,6,7,7,6,6,7,7,2-3 times a week,1-6 months,5-10 hours,Female,26-35,4-year College Degree,United States of America,Retail trade
172.56.34.9,221,R_bI2KZBKtdo1uDJj,40.70350647,-73.91819763,Yes,7,6,5,5,6,7,6,6,1,5,6,6,7,6,1,5,5,6,7,7,6,6,6,6,3,6,6,7,6,6,6,7,6,6,6,6,6,5,6,1,6,6,6,6,6,6,7,7,7,6,6,2-3 times a week,More than 3 years,5-10 hours,Male,26-35,4-year College Degree,United States of America,"Professional, scientific or technical services"
72.215.196.82,234,R_3VL4gXjnT2etPjD,33.59129333,-112.107399,Yes,7,7,6,7,6,6,6,6,5,6,5,6,6,6,5,5,6,7,7,7,6,6,5,6,6,5,6,6,6,6,6,6,6,5,6,6,6,6,6,6,6,6,6,5,5,6,5,6,6,5,6,2-3 times a week,1-6 months,2-5 hours,Male,26-35,4-year College Degree,United States of America,"Professional, scientific or technical services"
70.208.68.214,293,R_9TbDdH0g24Mypdb,40.7440033,-74.03240204,Yes,7,7,5,7,4,6,5,7,4,6,7,6,7,7,1,7,7,7,7,7,7,5,6,5,5,6,4,5,6,6,7,5,6,7,7,6,5,6,5,7,6,7,7,6,7,7,5,6,7,7,6,2-3 times a week,1-3 years,1-2 hours,Male,26-35,4-year College Degree,United States of America,Finance or insurance
67.86.108.138,116,R_beH1GkPGPUrIMvP,40.82989502,-73.86460114,Yes,7,7,7,7,7,6,6,7,7,7,7,7,7,7,7,7,7,7,6,6,6,6,6,7,6,6,6,6,7,7,7,7,6,6,7,7,7,7,7,7,6,6,7,7,6,6,6,7,7,7,6,2-3 times a week,1-3 years,2-5 hours,Female,Over 50,4-year College Degree,United States of America,Management of companies or enterprises
75.175.24.216,245,R_e9U5pDYvK8LzE0d,45.65350342,-122.6636047,Yes,7,7,7,7,7,7,7,7,1,7,7,7,7,7,1,7,7,7,7,7,1,7,7,7,7,7,7,7,7,7,7,1,7,7,7,7,7,7,7,1,7,7,7,7,7,7,7,7,7,7,7,2-3 times a week,1-6 months,1-2 hours,Female,Over 50,Some College,United States of America,Retail trade
172.56.7.187,297,R_81R7Td0KuSauakl,32.77870178,-96.82170105,Yes,7,6,6,6,7,6,5,6,1,6,5,5,6,6,2,6,6,7,7,7,2,7,7,7,5,5,6,6,6,5,5,6,7,6,6,6,6,6,6,1,7,6,6,6,7,7,7,7,7,7,7,2-3 times a week,1-6 months,1-2 hours,Female,36-50,Masters Degree,United States of America,Educational services
64.121.83.196,272,R_3e1k5faS318ocJf,40.51890564,-75.501297,Yes,7,7,7,7,7,7,7,7,1,6,6,5,7,6,1,7,7,7,6,4,2,7,7,6,6,6,6,7,7,5,5,6,7,7,7,7,5,7,7,3,5,5,6,7,5,6,7,6,7,7,7,2-3 times a week,1-3 years,2-5 hours,Female,Over 50,Some College,United States of America,Mining
75.109.96.69,160,R_b7LPpqr6eorYTGJ,38.40429688,-81.97019958,Yes,7,7,7,7,7,7,7,7,7,7,7,7,7,7,7,7,7,7,7,7,1,7,7,7,7,7,7,7,7,7,7,7,7,7,7,7,7,7,7,7,7,7,7,7,7,7,7,7,7,7,7,2-3 times a week,More than 3 years,2-5 hours,Female,Over 50,4-year College Degree,United States of America,"Professional, scientific or technical services"
47.197.117.4,226,R_8e2CQfOHClkUeTr,28.02220154,-81.73290253,Yes,7,6,4,6,5,7,6,7,1,6,7,5,7,4,1,7,7,6,5,4,1,7,6,4,6,6,5,7,6,4,6,4,6,5,7,7,6,7,6,1,5,6,5,6,7,6,5,6,6,7,6,2-3 times a week,1-3 years,Less than one hour,Male,36-50,4-year College Degree,United States of America,Transportation or warehousing
184.6.179.102,180,R_8ws1m6oltXHy4uN,31.80140686,-97.54319763,Yes,7,7,7,7,7,7,7,7,7,7,7,7,7,7,7,7,7,7,7,7,7,7,7,7,7,7,7,7,7,7,7,7,7,7,7,7,7,7,7,7,7,7,7,7,7,7,7,7,7,7,7,2-3 times a week,7-12 months,2-5 hours,Male,36-50,High School,United States of America,Construction
75.131.167.32,228,R_0uruvlpj9mA5Ovz,34.90609741,-82.46530151,Yes,7,6,7,5,4,6,5,7,1,4,4,6,4,5,6,4,5,6,5,7,7,6,5,6,4,6,5,4,4,6,7,5,5,5,6,5,7,4,5,4,7,5,6,4,5,5,4,7,6,4,4,2-3 times a week,More than 3 years,1-2 hours,Female,26-35,4-year College Degree,United States of America,Other services (except public administration)
172.58.136.151,350,R_bDUBiiSLOJCAYAZ,44.97999573,-93.26380157,Yes,7,7,5,6,6,7,4,5,2,7,6,6,7,5,1,7,6,6,6,3,4,7,6,6,4,7,6,7,7,5,6,7,5,6,7,7,7,7,7,1,5,7,7,7,6,7,6,7,6,7,7,2-3 times a week,1-3 years,1-2 hours,Male,36-50,2-year College Degree,United States of America,Other services (except public administration)
96.247.152.250,98,R_eqXbg7bgNq0qPv7,40.29229736,-78.98339844,Yes,7,6,6,7,7,7,6,6,7,7,7,6,7,7,6,7,7,7,6,6,7,7,7,7,6,7,7,7,6,7,7,7,6,7,7,7,7,6,7,7,7,6,7,7,6,6,7,7,7,6,7,2-3 times a week,1-3 years,2-5 hours,Female,26-35,4-year College Degree,United States of America,Real estate or rental and leasing
199.230.203.254,368,R_cImr8g0ktbN7VAN,40.10180664,-83.07299805,Yes,7,6,5,5,4,5,5,5,2,5,5,4,5,5,3,5,4,5,4,6,4,5,5,4,6,4,3,5,4,4,5,5,4,5,5,4,4,4,5,3,4,5,4,3,3,4,5,5,4,4,4,2-3 times a week,1-3 years,1-2 hours,Female,Over 50,Some College,United States of America,Other services (except public administration)
173.87.178.78,141,R_6ndvhoVAgmsyQ3b,35.24809265,-113.7639999,Yes,7,7,7,7,7,7,7,7,7,7,7,7,7,7,1,7,7,7,7,7,2,7,7,7,7,7,7,7,7,7,7,7,7,7,7,7,7,7,7,1,7,7,7,7,7,7,7,7,7,7,7,2-3 times a week,7-12 months,2-5 hours,Female,26-35,4-year College Degree,United States of America,Retail trade
66.87.77.15,124,R_3VtFSV6hZQaAXIN,41.84460449,-87.71710205,Yes,7,6,6,5,4,4,6,7,7,5,6,6,7,1,7,6,7,7,7,7,4,4,5,5,6,5,5,6,7,7,7,6,7,4,5,6,7,7,7,7,7,7,6,5,5,5,6,7,7,7,7,2-3 times a week,1-3 years,1-2 hours,Female,26-35,Masters Degree,United States of America,Other services (except public administration)
184.88.56.201,82,R_cHngFE2X9SJopJH,28.53410339,-81.16470337,Yes,7,6,5,6,6,6,5,5,6,7,7,7,6,5,5,6,5,7,6,6,6,5,5,5,6,6,7,7,7,6,6,5,6,6,6,5,7,6,5,5,6,7,6,5,6,6,6,6,5,6,6,2-3 times a week,1-3 years,2-5 hours,Male,26-35,2-year College Degree,United States of America,"Admin, support, waste management or remediation services"
66.87.114.163,136,R_0oenkW1M4D0FSsd,41.10549927,-81.49749756,Yes,7,7,7,7,7,7,7,7,7,7,7,7,7,7,1,7,7,7,7,7,7,7,7,7,7,7,7,7,7,7,7,7,7,7,7,7,7,7,7,4,7,7,7,7,7,7,7,7,7,7,7,2-3 times a week,1-6 months,1-2 hours,Male,26-35,2-year College Degree,United States of America,Manufacturing
71.232.246.103,589,R_3r7lcRRs6ueroP3,41.55149841,-72.99269867,Yes,7,7,7,7,7,7,7,7,1,7,7,6,7,7,3,7,7,7,7,5,6,7,7,7,7,7,7,7,7,6,6,7,7,7,7,7,7,7,7,4,5,6,7,7,7,6,7,6,7,7,7,2-3 times a week,1-6 months,1-2 hours,Female,Over 50,High School,United States of America,Manufacturing
104.169.91.77,316,R_bqHESvnpJZ7YwCx,39.58940125,-83.12139893,Yes,7,7,6,7,7,6,7,7,1,7,7,7,7,7,1,7,7,7,7,7,5,7,7,5,6,5,4,6,7,6,7,6,7,7,7,7,6,6,6,2,5,7,7,7,6,5,7,7,7,7,7,2-3 times a week,7-12 months,2-5 hours,Female,Over 50,High School,United States of America,Manufacturing
192.225.167.220,167,R_72LKWVoHxFvYc2F,40.74209595,-74.00180054,Yes,7,7,6,7,6,6,6,7,7,7,7,7,6,6,6,6,7,7,7,6,6,7,7,7,6,6,7,7,7,7,6,6,6,6,7,7,7,7,6,6,7,7,7,6,6,6,7,7,7,6,6,2-3 times a week,1-6 months,1-2 hours,Male,26-35,4-year College Degree,United States of America,Construction
66.87.122.240,336,R_bgzE0bPtRvIiSDH,26.23789978,-80.12480164,Yes,7,7,6,6,6,5,5,6,2,7,7,6,6,7,3,6,7,7,6,6,3,5,6,6,7,6,4,5,6,4,6,5,7,7,7,6,6,6,6,2,6,6,5,7,6,5,6,7,6,5,6,2-3 times a week,7-12 months,2-5 hours,Male,26-35,4-year College Degree,United States of America,Health care or social assistance
184.58.179.42,230,R_d68qWuZ0lF4uATP,43.22140503,-87.93939972,Yes,7,5,5,4,3,6,6,6,1,6,6,7,4,6,4,4,5,6,3,6,5,5,6,6,2,3,2,4,5,2,6,2,4,3,4,6,4,6,6,2,5,7,5,6,5,7,5,7,6,5,5,2-3 times a week,More than 3 years,1-2 hours,Female,26-35,Masters Degree,United States of America,Manufacturing
104.207.135.19,245,R_eJTtn5K6W3cACK9,40.69869995,-74.32959747,Yes,7,6,6,7,7,6,6,7,5,6,6,7,6,6,5,5,6,7,6,6,4,6,4,6,7,6,7,6,6,7,6,5,6,7,6,6,7,6,7,6,7,6,7,5,6,5,5,7,7,5,6,2-3 times a week,1-6 months,2-5 hours,Female,26-35,Masters Degree,United States of America,Retail trade
74.83.223.80,147,R_9BvpaGtJuRD4v5z,39.16389465,-84.45159912,Yes,7,6,7,7,7,5,7,7,6,7,7,7,7,7,7,7,5,7,5,7,7,7,6,7,7,7,7,5,7,7,7,6,7,5,7,7,7,6,7,2,7,7,7,7,7,7,4,7,7,7,7,2-3 times a week,1-3 years,2-5 hours,Female,36-50,4-year College Degree,United States of America,Wholesale trade
100.42.170.237,328,R_03tQ3jnv109KaLr,43.21789551,-123.4020996,Yes,7,7,5,7,5,6,5,5,2,6,5,4,6,6,6,6,6,5,5,5,6,5,5,6,5,6,5,6,5,5,6,5,5,5,6,6,5,5,5,4,5,5,5,5,4,4,4,6,6,5,4,2-3 times a week,7-12 months,1-2 hours,Male,26-35,2-year College Degree,United States of America,Other services (except public administration)
47.187.181.240,435,R_6yuRY4XymoPYcap,33.03469849,-96.81340027,Yes,7,7,4,4,5,5,5,6,2,6,5,4,7,1,1,7,4,2,2,5,2,6,4,4,1,1,1,6,2,1,3,1,4,5,5,5,5,2,2,3,3,3,4,3,4,5,4,5,3,4,1,2-3 times a week,7-12 months,1-2 hours,Female,Over 50,4-year College Degree,United States of America,Educational services
12.17.169.218,214,R_dnYQas5kmgibTql,37.73120117,-122.3825989,Yes,7,3,1,1,4,1,1,1,7,2,1,1,1,4,4,1,1,4,2,6,7,5,2,4,5,2,1,1,3,2,5,1,1,5,4,2,5,2,2,1,1,3,5,4,2,1,1,1,1,1,1,2-3 times a week,1-3 years,Less than one hour,Male,36-50,Masters Degree,United States of America,Educational services
216.68.168.79,668,R_eFE5Kc28QUTpLSd,39.08479309,-84.54720306,Yes,7,7,7,7,6,6,7,7,6,7,7,6,6,6,6,6,6,6,6,7,7,6,6,7,6,7,6,6,6,7,6,6,7,6,6,6,7,6,6,6,7,7,6,6,7,7,6,6,7,6,6,2-3 times a week,1-3 years,1-2 hours,Female,26-35,4-year College Degree,United States of America,Information
66.87.132.10,577,R_9XHnMeh36WSNKKh,35.22770691,-80.84390259,Yes,7,7,5,5,5,6,5,5,2,5,5,5,6,5,3,6,5,6,5,6,4,6,5,5,5,4,5,5,4,5,6,5,5,5,5,5,5,5,5,5,6,6,6,5,5,6,5,6,6,6,6,2-3 times a week,More than 3 years,1-2 hours,Female,36-50,4-year College Degree,United States of America,Accommodation or food services
63.149.104.46,885,R_1SIL5Akqd6VFjyR,39.00030518,-104.2844009,Yes,7,7,5,7,7,7,7,6,1,6,7,7,7,7,3,7,7,7,7,7,4,7,7,7,5,6,6,6,6,6,6,5,7,5,6,7,6,6,6,1,6,4,6,7,6,6,6,6,6,6,6,2-3 times a week,1-3 years,1-2 hours,Female,36-50,4-year College Degree,United States of America,Retail trade
107.182.238.123,1237,R_6Asno7b1mY6kmwJ,41.69290161,-111.8146973,Yes,7,7,7,7,7,7,7,7,1,7,7,7,7,1,1,7,7,7,7,7,3,7,7,7,2,7,7,7,7,7,7,7,7,7,7,7,7,7,7,1,7,7,7,7,7,7,7,7,7,7,7,2-3 times a week,1-6 months,2-5 hours,Male,36-50,4-year College Degree,United States of America,"Admin, support, waste management or remediation services"
24.45.200.182,355,R_e4f6joBiIzxPK73,40.67140198,-73.93609619,Yes,4,4,3,7,4,7,7,7,4,7,5,7,5,7,7,4,7,7,4,7,7,7,7,7,7,7,7,4,7,4,7,4,7,4,7,7,2,5,7,3,7,7,7,7,6,7,7,7,7,7,7,Daily,1-6 months,Less than one hour,Female,26-35,4-year College Degree,United States of America,"Arts, entertainment or recreation"
72.80.185.80,113,R_eyvXp9OZzZwhCZf,40.70889282,-74.00119781,Yes,4,6,3,7,6,7,4,6,6,7,6,7,7,3,6,7,6,6,7,4,5,6,6,2,4,7,6,7,6,7,5,6,2,7,4,6,4,7,5,6,7,7,7,5,2,6,4,7,7,7,6,Daily,7-12 months,2-5 hours,Male,26-35,Professional Degree,United States of America,"Professional, scientific or technical services"
98.228.109.121,109,R_6MbWVEwb4nF5JIx,41.97419739,-87.75260162,Yes,4,4,4,4,5,5,5,5,5,5,6,6,5,5,5,6,6,5,5,6,6,5,5,5,6,5,5,6,6,5,6,6,5,5,5,5,5,5,5,5,5,5,5,5,5,5,6,5,5,6,5,Daily,1-3 years,More than 10 hours,Male,26-35,2-year College Degree,United States of America,Real estate or rental and leasing
70.214.84.45,148,R_5iiX4ci6sZeZ2FT,40.69810486,-73.95709991,Yes,4,4,4,4,5,4,5,4,4,4,4,5,6,6,6,6,6,6,6,6,6,6,6,6,6,6,6,6,6,6,6,6,6,4,6,6,6,6,6,6,6,6,6,6,6,6,6,6,6,6,6,Daily,1-3 years,5-10 hours,Male,Under 25,4-year College Degree,United States of America,Health care or social assistance
72.72.252.27,110,R_eb8WwmGy7MF7lS5,41.05589294,-78.41290283,Yes,5,6,6,6,6,6,7,7,7,7,7,6,6,6,6,6,6,6,6,6,3,4,6,6,6,6,6,7,6,6,7,7,6,6,6,6,6,6,7,5,6,6,6,6,6,6,6,6,6,6,6,Daily,More than 3 years,2-5 hours,Female,Over 50,2-year College Degree,United States of America,Retail trade
162.227.192.231,331,R_37C1CZ9M2BoNH49,30.44160461,-97.59860229,Yes,5,6,7,7,7,5,6,6,1,6,6,7,6,5,6,5,6,6,5,6,6,5,6,6,5,5,6,5,5,6,6,5,5,6,5,5,6,5,6,2,6,5,5,6,4,5,5,6,6,5,5,Daily,1-3 years,5-10 hours,Male,26-35,4-year College Degree,United States of America,Management of companies or enterprises
69.121.216.84,202,R_6DtrqbY5pdjYp6Z,40.81559753,-73.11810303,Yes,5,4,3,4,5,1,4,5,1,4,4,2,6,4,3,4,5,5,3,3,6,5,4,3,3,3,4,5,4,4,3,3,4,5,5,5,5,5,4,4,4,4,5,5,5,5,4,4,5,5,5,Daily,7-12 months,More than 10 hours,Female,26-35,4-year College Degree,United States of America,"Professional, scientific or technical services"
73.139.86.133,132,R_esxOFUaqYUAsQm1,25.70140076,-80.35820007,Yes,5,5,4,4,6,5,5,3,3,5,5,5,6,5,5,4,5,4,4,4,6,6,4,5,4,5,4,4,6,5,5,6,4,5,7,6,4,7,3,6,5,4,6,5,6,4,6,4,4,5,6,Daily,7-12 months,2-5 hours,Male,Under 25,Some College,United States of America,Other services (except public administration)
73.114.17.48,139,R_dosnkanLPrIjR2J,41.35310364,-72.90440369,Yes,5,5,5,4,5,6,5,4,5,6,7,5,4,5,6,4,3,6,5,4,3,5,5,4,4,5,5,4,3,5,3,5,5,3,4,5,6,5,4,6,6,6,6,5,4,6,5,4,4,6,5,Daily,1-6 months,1-2 hours,Male,Under 25,High School,United States of America,Other services (except public administration)
98.209.47.57,111,R_b70WVkGIBUvs193,42.20610046,-83.62280273,Yes,5,5,6,7,6,6,6,5,7,7,6,4,7,7,5,5,6,6,5,6,6,7,7,6,6,5,7,7,6,7,6,5,5,6,7,7,6,5,5,7,6,6,7,6,7,5,7,6,7,6,5,Daily,1-3 years,2-5 hours,Male,26-35,High School,United States of America,"Forestry, fishing, hunting or agriculture support"
67.247.135.141,157,R_5BWHbY9TkYrdYhL,42.85629272,-77.02510071,Yes,5,4,5,5,4,6,6,4,6,5,5,7,5,6,6,6,6,5,6,5,4,6,5,2,6,5,6,4,5,5,5,3,6,4,5,5,7,4,5,4,5,4,6,4,6,4,4,6,4,5,4,Daily,1-3 years,1-2 hours,Male,26-35,Some College,United States of America,"Professional, scientific or technical services"
76.90.201.20,273,R_9WUB1pZzx4kxqDP,34.02929688,-118.3574982,Yes,5,6,6,5,6,5,5,5,4,6,6,5,6,5,5,5,6,5,6,5,4,6,6,5,3,3,6,5,5,5,5,4,5,5,7,6,5,6,5,7,5,5,6,6,5,6,4,5,6,4,5,Daily,7-12 months,2-5 hours,Male,36-50,Masters Degree,United States of America,Educational services
172.58.104.24,544,R_3L7yYfljc4uja0l,32.77870178,-96.82170105,Yes,5,6,7,7,5,4,6,7,1,6,6,6,7,7,3,7,7,7,6,7,5,7,7,6,4,7,3,7,7,4,5,5,7,7,7,7,3,7,6,1,6,5,7,7,7,3,7,5,7,7,6,Daily,1-6 months,1-2 hours,Female,36-50,High School,United States of America,Other services (except public administration)
116.240.18.174,456,R_uaBkK1raKpm8Wo9,-33.86659241,151.2081909,Yes,6,6,6,6,7,7,4,5,4,6,5,6,7,6,4,5,5,5,3,3,3,5,6,7,6,5,5,4,2,2,3,4,2,7,5,4,5,5,5,3,4,5,6,5,3,2,4,6,6,6,6,Daily,More than 3 years,1-2 hours,Female,26-35,4-year College Degree,Australia,Finance or insurance
27.99.111.180,551,R_2aQQPPGgsDzlvce,-33.86149597,151.2055054,Yes,6,4,3,5,6,2,1,4,1,,3,5,4,3,2,4,4,5,2,2,4,5,6,6,5,5,4,4,5,4,,5,4,6,3,1,5,6,5,1,5,5,6,7,3,2,4,7,6,2,6,Daily,1-3 years,1-2 hours,Male,Over 50,Doctoral Degree,Australia,Educational services
71.223.1.136,158,R_40LAukGjc7l5zJX,33.44880676,-111.8013992,Yes,6,7,6,6,7,7,5,6,6,6,6,5,6,5,6,6,7,7,6,5,6,5,5,6,7,7,6,6,6,7,6,6,5,6,7,6,6,5,7,5,6,7,6,5,6,6,7,6,6,7,6,Daily,1-6 months,1-2 hours,Female,26-35,Masters Degree,United States of America,Information
68.108.42.162,741,R_6lpEaFezFMxykTj,36.00970459,-115.1479034,Yes,6,5,3,4,4,3,3,4,4,4,4,3,3,4,4,4,3,4,4,5,4,4,4,4,4,4,4,5,4,4,4,4,4,4,4,3,4,4,4,4,5,5,5,5,5,3,5,5,4,3,3,Daily,More than 3 years,1-2 hours,Male,36-50,4-year College Degree,United States of America,Finance or insurance
107.0.12.249,188,R_0GPCeP6vhVXKxcV,47.20979309,-122.4091949,Yes,6,6,7,6,7,6,7,6,1,7,6,7,5,7,6,7,5,7,6,7,6,7,5,6,7,6,5,5,7,6,5,6,7,6,5,7,7,6,6,1,6,7,6,7,6,6,7,6,6,7,7,Daily,1-3 years,5-10 hours,Male,Under 25,2-year College Degree,United States of America,"Arts, entertainment or recreation"
74.138.43.32,76,R_bmgA3l5WwY8Q2S9,38.16279602,-85.51999664,Yes,6,5,6,6,5,5,6,5,5,6,5,5,5,6,5,5,5,6,5,6,6,6,5,6,5,6,6,6,5,6,6,6,6,5,5,6,5,6,4,5,6,6,5,6,5,5,6,6,5,5,5,Daily,1-6 months,Less than one hour,Female,26-35,High School,United States of America,Unclassified establishments
168.184.14.103,164,R_7QfbeAo0DjZIDl3,28.52810669,-81.40750122,Yes,6,7,7,7,6,7,6,6,1,6,6,6,6,6,4,6,6,7,7,6,3,6,6,6,5,6,7,7,6,6,7,7,7,7,7,7,7,7,7,7,7,7,7,7,7,7,7,7,7,7,7,Daily,1-3 years,2-5 hours,Male,26-35,Doctoral Degree,United States of America,Management of companies or enterprises
72.128.69.205,222,R_3QaBZMK8OkOvrNj,43.00469971,-87.94309998,Yes,6,7,6,7,6,7,7,6,1,6,7,6,7,6,7,7,7,6,7,6,3,6,6,7,6,7,7,6,7,7,6,5,7,6,7,7,5,7,6,5,6,7,6,6,7,7,6,7,6,7,7,Daily,More than 3 years,2-5 hours,Male,Under 25,4-year College Degree,United States of America,Manufacturing
47.150.7.89,85,R_3C7GGXFhTDS99g9,34.05439758,-118.2440033,Yes,6,5,5,5,6,6,5,6,6,5,5,5,6,6,5,6,5,6,6,5,5,5,6,5,6,6,5,5,5,6,6,5,6,5,5,5,6,5,5,5,5,6,5,5,5,6,5,5,5,6,5,Daily,1-3 years,2-5 hours,Male,36-50,4-year College Degree,United States of America,Information
104.8.106.234,249,R_6KV4u5sJ6tOeNYF,35.11450195,-101.7712021,Yes,6,7,6,7,7,7,6,7,1,6,7,6,7,4,4,7,5,6,7,7,3,7,6,5,4,5,5,6,7,5,5,7,6,7,7,7,5,6,7,5,5,7,7,7,6,7,7,7,7,6,4,Daily,1-3 years,2-5 hours,Female,36-50,Some College,United States of America,Health care or social assistance
73.182.20.251,144,R_bkqVYPrrsAoqVwN,32.04440308,-81.04879761,Yes,6,6,6,6,6,6,6,6,6,6,6,6,6,6,6,6,6,6,5,6,6,6,6,6,7,6,6,6,6,6,6,5,6,6,6,6,2,6,6,6,6,6,2,6,6,6,2,6,6,6,6,Daily,1-3 years,Less than one hour,Female,Over 50,2-year College Degree,United States of America,Retail trade
107.216.212.141,1277,R_5mSxChHAD7pEjt3,41.55050659,-87.50260162,Yes,6,6,5,5,5,6,7,6,5,5,6,6,7,7,6,6,6,5,6,6,6,5,5,6,6,5,5,5,6,6,6,6,5,5,6,6,6,6,7,6,7,6,6,6,6,7,6,6,5,6,7,Daily,7-12 months,5-10 hours,Male,36-50,High School,United States of America,Retail trade
67.252.88.99,207,R_dbc7YUBfRf9vkbj,42.12190247,-76.86969757,Yes,6,6,5,6,6,6,6,6,1,5,6,6,6,6,1,6,6,6,5,7,4,6,6,6,6,5,5,6,6,6,7,6,6,6,6,6,5,6,6,2,5,6,6,6,6,7,6,6,6,6,6,Daily,More than 3 years,1-2 hours,Male,36-50,4-year College Degree,United States of America,"Admin, support, waste management or remediation services"
71.190.168.102,145,R_5gUBueT4VMBRW2V,41.08369446,-73.83969879,Yes,6,5,6,6,6,7,6,6,2,6,6,6,6,6,6,7,7,7,7,7,6,6,6,6,6,7,3,6,5,6,6,6,6,6,6,6,5,6,6,2,6,5,5,6,3,5,4,5,5,5,5,Daily,7-12 months,2-5 hours,Female,Under 25,Masters Degree,United States of America,Health care or social assistance
73.178.244.3,409,R_bKLK5Z2izweKh0h,39.73320007,-75.13929749,Yes,6,4,3,3,3,2,2,3,2,4,4,2,4,5,5,5,3,4,4,2,3,3,3,3,4,2,3,3,5,4,4,3,3,4,4,4,3,4,3,4,2,3,5,5,4,2,2,4,4,2,2,Daily,1-3 years,Less than one hour,Male,Over 50,4-year College Degree,United States of America,Educational services
108.251.242.149,433,R_9ZEMeC0zt2qjbwh,41.77420044,-87.71530151,Yes,6,6,6,6,5,7,6,5,2,6,7,6,6,4,5,7,7,6,6,5,4,7,6,6,4,6,6,7,6,5,6,5,5,6,7,5,6,6,5,6,6,6,7,5,6,6,4,5,6,5,5,Daily,1-6 months,Less than one hour,Female,26-35,Masters Degree,United States of America,Finance or insurance
184.60.236.57,243,R_6PrpX7ZMl4y1C4t,37.17829895,-83.43229675,Yes,6,5,6,6,6,7,5,7,1,5,6,6,5,4,5,6,6,6,6,6,3,7,6,6,6,6,6,6,5,5,5,5,6,6,6,6,6,6,4,5,6,3,6,6,5,6,6,5,6,5,6,Daily,1-6 months,2-5 hours,Female,36-50,4-year College Degree,United States of America,Health care or social assistance
73.104.45.109,289,R_6m0AByiLrj7dyxn,30.21870422,-81.7539978,Yes,6,6,6,5,4,6,6,6,1,5,4,6,6,5,6,3,6,7,6,6,3,6,7,7,6,7,6,7,7,1,6,7,6,3,6,6,5,6,6,4,5,5,6,2,6,5,6,6,4,6,4,Daily,More than 3 years,Less than one hour,Female,36-50,Masters Degree,United States of America,Health care or social assistance
98.250.45.24,320,R_6ECn11lUs5iIXD7,42.64390564,-83.05039978,Yes,6,6,6,6,7,7,6,6,2,7,7,6,7,6,2,7,7,5,5,4,6,7,6,6,4,6,5,7,6,5,2,4,6,5,5,5,6,5,5,3,6,6,5,6,5,5,6,6,6,5,6,Daily,1-3 years,2-5 hours,Male,26-35,2-year College Degree,United States of America,Manufacturing
76.185.206.8,491,R_ea0qAi9j2Q9o2Sp,29.34910583,-98.60590363,Yes,6,6,6,5,5,6,5,5,5,6,6,5,5,5,5,5,5,5,5,5,4,6,4,6,5,5,6,5,6,5,6,5,5,6,5,4,5,5,6,5,5,6,5,6,5,5,6,5,4,5,6,Daily,1-6 months,1-2 hours,Female,26-35,High School,United States of America,Retail trade
72.227.94.100,475,R_cOqnfd7Fk0Dol8h,44.43380737,-71.27069855,Yes,6,6,6,6,6,6,3,6,2,6,6,6,6,6,2,6,6,6,6,6,3,6,6,6,6,6,6,6,6,6,6,6,6,6,6,6,6,6,6,6,6,6,6,6,6,6,6,6,6,6,6,Daily,1-3 years,1-2 hours,Female,26-35,2-year College Degree,United States of America,Management of companies or enterprises
60.225.174.222,445,R_1IoCa57sieOsBx3,-33.8500061,151.2167053,Yes,7,5,4,3,6,7,6,5,4,7,4,7,7,7,3,4,5,4,2,4,6,6,6,7,5,4,5,3,2,5,5,3,3,7,4,2,3,3,3,2,4,4,4,3,2,5,4,5,2,2,1,Daily,More than 3 years,1-2 hours,Male,36-50,Professional Degree,Australia,Information
129.78.56.187,602,R_3gNGDxlE38jNtNC,-33.86149597,151.2055054,Yes,7,6,3,5,5,7,6,6,1,7,4,3,7,4,3,6,3,6,5,7,3,7,3,4,5,3,1,3,6,1,4,3,2,2,6,5,3,4,4,2,1,1,5,4,2,2,4,7,2,4,4,Daily,More than 3 years,2-5 hours,Male,36-50,Masters Degree,Australia,Educational services
54.66.185.187,263,R_10wVfIsa3yrVkz0,-33.86149597,151.2055054,Yes,7,6,3,4,5,5,3,4,2,5,5,2,5,5,3,5,5,5,3,4,4,5,5,5,5,4,4,5,5,3,4,4,5,6,5,5,5,5,3,4,4,5,5,4,4,5,5,3,5,6,5,Daily,1-3 years,1-2 hours,Female,26-35,Professional Degree,Australia,"Professional, scientific or technical services"
203.11.225.5,438,R_2aJpqg0kevgnfdi,-33.86030579,151.2015991,Yes,7,6,4,5,7,1,5,6,1,7,7,5,7,5,4,7,5,4,3,6,5,5,5,3,6,4,4,3,5,1,4,2,5,7,7,5,4,4,4,4,3,4,4,4,5,4,4,5,5,4,4,Daily,More than 3 years,2-5 hours,Male,26-35,Masters Degree,Australia,"Professional, scientific or technical services"
203.11.225.5,374,R_21Gsd34c5DhsxMI,-33.86030579,151.2015991,Yes,7,7,2,5,7,7,5,5,3,7,4,2,7,5,3,5,7,5,3,1,4,7,7,5,5,4,2,4,2,1,5,4,6,7,6,3,4,4,5,2,2,4,6,6,4,1,5,7,5,2,4,Daily,More than 3 years,1-2 hours,Male,36-50,4-year College Degree,Australia,"Professional, scientific or technical services"
67.161.108.242,79,R_6wW5qbcG3SwLQ8J,47.80599976,-122.373703,Yes,7,7,7,7,7,7,7,7,7,7,7,7,6,6,7,7,6,7,7,7,7,7,6,7,6,6,6,6,7,7,6,6,6,7,7,7,7,7,6,6,6,7,6,7,6,6,7,6,7,6,7,Daily,1-6 months,2-5 hours,Female,36-50,4-year College Degree,United States of America,Retail trade
47.153.195.94,337,R_6kTLqDc049Zm9Ct,34.05439758,-118.2440033,Yes,7,6,3,4,6,6,6,5,1,5,5,5,5,6,3,4,6,5,5,5,4,4,6,5,4,3,4,4,6,3,2,4,6,6,5,5,5,5,5,5,4,6,5,5,4,3,4,3,5,3,3,Daily,More than 3 years,2-5 hours,Male,26-35,Masters Degree,United States of America,Finance or insurance
54.173.112.9,129,R_1T9KfJPeUPMhBQN,39.04370117,-77.48750305,Yes,7,6,5,4,6,6,7,5,7,5,4,6,7,4,5,6,7,7,5,6,5,7,7,4,7,5,7,4,4,6,5,7,4,4,7,5,7,4,6,5,5,7,4,5,6,7,4,4,7,5,6,Daily,More than 3 years,1-2 hours,Male,26-35,Professional Degree,United States of America,"Professional, scientific or technical services"
75.120.114.157,259,R_a4zGMTzx1IFx1jf,31.46270752,-85.62670135,Yes,7,6,6,6,6,7,6,6,1,7,6,4,6,7,3,6,4,7,4,5,5,6,6,6,6,4,5,6,4,5,6,5,4,5,5,5,4,4,4,4,5,5,5,5,5,3,6,6,5,4,5,Daily,7-12 months,1-2 hours,Female,26-35,4-year College Degree,United States of America,"Arts, entertainment or recreation"
172.56.11.224,137,R_07k950Nw9oXfm2F,42.35389709,-83.21199799,Yes,7,6,7,6,7,7,7,5,7,7,6,7,7,7,6,7,6,7,6,7,6,7,6,7,6,7,6,7,7,6,7,7,7,7,6,7,6,6,7,5,6,7,7,6,7,7,7,6,7,7,7,Daily,More than 3 years,1-2 hours,Male,26-35,Doctoral Degree,United States of America,Manufacturing
50.174.225.253,526,R_4OYJL96Y1BZEQqF,34.95559692,-120.5027008,Yes,7,7,4,6,5,4,3,6,1,7,5,2,7,4,2,7,4,4,5,6,4,6,3,6,2,2,2,4,6,1,5,2,3,3,5,5,4,4,4,3,3,5,4,2,4,3,4,4,6,5,5,Daily,1-3 years,1-2 hours,Female,26-35,4-year College Degree,United States of America,Management of companies or enterprises
70.173.250.42,374,R_ebbfp0xqIY0o1nv,36.0625,-115.3191986,Yes,7,7,7,6,4,5,5,5,1,7,5,5,5,6,7,6,6,7,6,6,5,5,3,6,7,6,6,7,6,7,6,6,6,7,5,7,6,6,7,6,6,7,7,7,6,7,7,7,6,7,6,Daily,1-3 years,1-2 hours,Male,36-50,4-year College Degree,United States of America,Management of companies or enterprises
107.11.71.235,596,R_804cgpQj7tVqiUZ,39.95530701,-82.07180023,Yes,7,6,7,7,6,7,7,7,2,7,6,6,7,6,5,7,7,7,7,7,6,7,7,7,6,6,6,7,7,7,7,7,7,6,7,7,6,7,7,2,7,6,7,7,7,7,7,7,7,7,7,Daily,1-3 years,2-5 hours,Male,26-35,4-year College Degree,United States of America,Other services (except public administration)
23.19.47.130,516,R_570ge5Hdu3sVdM9,33.67480469,-111.9518967,Yes,7,6,6,7,7,7,6,7,7,6,7,6,6,7,6,7,7,7,6,7,5,6,6,5,6,5,6,6,5,6,5,6,5,6,5,6,7,6,6,7,5,6,7,6,6,7,6,5,6,6,7,Daily,7-12 months,More than 10 hours,Male,26-35,Some College,United States of America,Transportation or warehousing
76.217.136.42,464,R_8Hc9A22maf8r0tD,29.34959412,-98.56359863,Yes,7,7,4,5,7,7,6,5,1,5,6,6,7,4,1,6,7,7,5,7,5,5,7,5,5,7,5,6,7,5,5,6,7,7,7,7,5,6,6,5,7,6,6,6,5,5,5,7,7,7,7,Daily,More than 3 years,1-2 hours,Female,Over 50,Some College,United States of America,Information
104.137.23.55,125,R_80yJUK6jUSUiGBT,32.63079834,-86.16860199,Yes,7,6,6,5,6,6,6,7,6,6,6,7,6,6,7,6,6,6,7,7,6,6,6,7,6,7,6,6,7,7,6,6,7,6,7,6,6,6,7,7,6,6,6,7,6,6,7,7,6,6,7,Daily,1-6 months,More than 10 hours,Male,Under 25,Some College,United States of America,Other services (except public administration)
71.59.236.44,109,R_eeW99DXjaOqmrid,45.52220154,-122.8592987,Yes,7,6,6,7,6,6,6,4,5,5,7,5,5,7,4,7,5,7,6,7,7,6,7,7,7,7,6,7,3,4,7,7,7,7,7,7,7,6,6,6,6,7,4,7,4,7,7,7,7,7,7,Daily,More than 3 years,2-5 hours,Female,26-35,2-year College Degree,United States of America,Health care or social assistance
173.169.182.110,114,R_em15gzZMrkxe9Hn,28.19110107,-81.60679626,Yes,7,7,7,7,7,7,7,7,7,7,7,7,7,7,7,7,7,7,7,7,7,7,7,7,7,7,7,7,7,7,7,7,7,7,7,7,7,7,7,7,7,7,7,7,7,7,7,7,7,7,7,Daily,1-6 months,More than 10 hours,Female,26-35,4-year College Degree,United States of America,Real estate or rental and leasing
216.186.243.152,106,R_efk714QCVzgT05D,30.16079712,-85.625,Yes,7,7,7,7,7,7,7,7,7,7,7,7,7,7,7,7,7,7,7,7,7,7,7,7,7,7,7,7,7,7,7,7,7,7,7,7,7,7,7,7,7,7,7,7,7,7,7,7,7,7,7,Daily,7-12 months,1-2 hours,Female,26-35,2-year College Degree,United States of America,"Forestry, fishing, hunting or agriculture support"
23.120.196.229,88,R_88JEMLtf5fxhjfL,32.77360535,-115.6022034,Yes,7,6,6,7,7,7,7,7,6,5,6,6,6,6,7,7,7,7,6,6,6,7,7,7,7,6,6,5,6,7,7,7,6,6,7,7,7,6,6,1,6,7,7,5,6,6,7,4,5,6,6,Daily,More than 3 years,5-10 hours,Female,36-50,Masters Degree,United States of America,"Professional, scientific or technical services"
98.168.229.7,104,R_bjYpL5EfqsFhJ9r,41.29589844,-95.99909973,Yes,7,6,7,6,6,6,7,6,6,7,7,6,7,6,7,6,6,7,7,7,6,6,7,5,5,6,5,5,6,7,6,6,7,6,7,7,7,7,6,6,6,5,5,7,6,6,7,7,6,6,7,Daily,1-6 months,1-2 hours,Female,26-35,Some College,United States of America,Retail trade
108.27.246.196,174,R_3EOEPWSAwDDqKJD,40.75059509,-73.82039642,Yes,7,7,6,7,7,5,7,7,2,5,6,7,7,7,3,7,7,7,7,5,6,7,7,7,5,3,5,6,7,7,7,5,7,7,7,7,5,4,6,4,4,6,7,7,5,5,7,7,5,6,7,Daily,1-3 years,More than 10 hours,Female,36-50,4-year College Degree,United States of America,Retail trade
173.3.162.47,317,R_9n7Dv0FIsNzST1b,40.84719849,-73.89830017,Yes,7,7,5,7,7,7,7,7,1,7,7,5,7,4,4,7,7,7,7,7,4,7,7,7,7,5,5,7,7,4,7,7,7,7,7,7,7,7,7,1,5,7,7,7,7,7,7,7,7,7,7,Daily,More than 3 years,More than 10 hours,Male,26-35,2-year College Degree,United States of America,"Professional, scientific or technical services"
24.209.201.124,139,R_0BTPKDu9fug1wzj,40.03579712,-84.17749786,Yes,7,7,7,7,7,7,7,7,7,7,7,7,7,7,7,7,7,7,7,7,7,7,7,7,7,7,7,7,7,7,7,7,7,7,7,7,7,7,7,7,7,7,7,7,7,7,7,7,7,7,7,Daily,More than 3 years,More than 10 hours,Female,26-35,High School,United States of America,Health care or social assistance
104.137.78.63,309,R_9RenTbkVQKIVy5f,31.08999634,-85.89510345,Yes,7,7,6,6,7,5,7,7,1,7,7,6,6,6,7,7,7,6,6,7,4,6,7,7,7,6,6,7,7,7,6,5,7,7,7,6,6,7,6,7,7,6,6,6,7,7,7,6,5,7,6,Daily,More than 3 years,1-2 hours,Male,36-50,Masters Degree,United States of America,Information
24.112.153.153,241,R_aYnsiqHp0yAEM29,39.7677002,-76.32610321,Yes,7,7,7,7,7,7,7,7,1,7,7,7,7,7,7,7,7,7,7,7,7,7,7,7,7,7,7,7,7,7,7,7,7,7,7,7,7,7,7,3,7,7,7,7,7,7,7,7,7,7,7,Daily,1-3 years,2-5 hours,Female,36-50,Masters Degree,United States of America,Other services (except public administration)
173.19.27.14,133,R_4TrQExCxIqatc9L,41.28100586,-86.6210022,Yes,7,7,6,6,6,6,6,6,6,7,7,7,7,7,1,7,7,7,6,7,7,7,7,6,7,7,7,6,7,7,6,6,6,7,7,7,7,6,7,7,7,7,7,7,7,6,7,7,6,7,7,Daily,7-12 months,1-2 hours,Male,26-35,2-year College Degree,United States of America,Management of companies or enterprises
172.58.217.189,114,R_9twCDBkYPnmOVkp,42.2736969,-71.08999634,Yes,7,6,6,6,7,6,6,6,6,7,7,7,7,7,1,7,6,7,7,6,2,7,6,6,6,6,7,7,7,7,7,7,7,7,6,7,7,7,6,6,6,7,7,7,7,6,7,7,6,6,7,Daily,More than 3 years,2-5 hours,Male,26-35,4-year College Degree,United States of America,Information
73.158.236.230,101,R_5nDyKmcDqjtPXjD,37.70829773,-122.1282043,Yes,7,5,7,3,5,5,4,6,6,5,5,7,6,6,7,5,6,6,3,5,4,4,6,5,7,6,7,3,6,4,5,4,7,5,6,6,5,6,4,6,3,6,7,5,6,4,7,7,5,4,6,Daily,1-3 years,2-5 hours,Female,26-35,4-year College Degree,United States of America,Retail trade
47.216.47.162,160,R_3sk3PdYh4aUWdyB,34.44320679,-114.2424011,Yes,7,6,7,7,7,6,6,7,7,6,6,7,7,7,6,6,7,7,6,6,5,5,5,5,4,4,5,5,6,6,7,7,7,6,6,5,7,6,5,5,6,7,7,6,5,5,5,6,7,7,6,Daily,More than 3 years,2-5 hours,Male,26-35,Masters Degree,United States of America,Other services (except public administration)
107.77.219.33,105,R_9Lkh7C8sfvUj6Qd,29.54229736,-98.29640198,Yes,7,6,7,6,7,6,6,7,6,6,7,6,6,6,7,7,6,7,5,7,6,6,7,6,7,5,7,6,6,7,6,7,7,5,7,6,7,7,6,7,5,6,5,6,6,6,6,5,6,6,6,Daily,7-12 months,5-10 hours,Male,26-35,4-year College Degree,United States of America,Other services (except public administration)
4.35.231.179,411,R_25fhsO1cnEjCyy1,37.20210266,-79.62850189,Yes,7,7,7,7,7,7,7,7,1,7,7,7,7,7,1,7,7,7,7,7,1,7,7,7,7,7,7,7,7,2,7,7,7,7,7,7,7,7,7,1,7,7,7,7,7,7,7,7,7,7,7,Daily,1-6 months,5-10 hours,Female,26-35,4-year College Degree,United States of America,Management of companies or enterprises
73.10.253.203,164,R_6tgfBoG9FXqBoyh,40.60969543,-74.2806015,Yes,7,7,7,5,7,7,6,7,7,6,6,7,6,6,7,7,6,7,6,7,7,6,7,7,5,6,7,7,5,6,7,7,6,7,6,7,7,6,7,5,6,6,7,6,7,7,6,7,6,7,6,Daily,7-12 months,More than 10 hours,Female,26-35,Some College,United States of America,"Arts, entertainment or recreation"
70.126.195.6,167,R_0PKXxKU70oB6EGp,27.81889343,-82.72899628,Yes,7,7,7,7,6,7,7,7,2,7,6,6,7,7,5,7,7,7,7,7,7,7,7,7,7,6,7,7,7,7,7,5,7,6,7,7,5,7,7,7,7,7,7,7,7,7,7,7,6,7,7,Daily,1-3 years,2-5 hours,Female,36-50,4-year College Degree,United States of America,Other services (except public administration)
24.158.86.171,236,R_2mKxzWEeohynAjj,36.53649902,-82.46980286,Yes,7,6,5,7,7,7,7,7,1,7,7,5,7,6,2,7,7,7,6,5,4,7,6,5,6,7,5,7,7,7,7,4,7,7,7,7,5,6,7,6,5,6,7,7,6,5,7,7,7,7,7,Daily,7-12 months,2-5 hours,Male,26-35,4-year College Degree,United States of America,Retail trade
24.159.25.224,148,R_9Er5EyuJKdqTyfj,35.64889526,-86.9957962,Yes,7,7,6,6,5,7,6,6,7,6,7,6,7,6,7,7,6,6,7,2,4,5,7,6,7,6,6,7,6,5,6,5,7,6,7,6,5,6,5,2,3,3,6,5,6,5,7,6,7,5,6,Daily,1-3 years,2-5 hours,Male,26-35,High School,United States of America,Information
71.185.50.191,390,R_3lAQhOiwedakPZj,39.96859741,-75.17620087,Yes,7,7,6,7,7,7,7,7,1,7,7,6,6,6,6,7,6,6,6,7,6,7,7,7,6,6,6,7,7,6,7,6,6,6,7,6,6,5,5,4,7,5,6,6,6,6,7,7,6,6,6,Daily,1-3 years,2-5 hours,Male,36-50,High School,United States of America,Wholesale trade
64.89.253.219,138,R_daLtQT5SXZC2p6Z,45.30700684,-69.03340149,Yes,7,7,7,7,7,7,7,7,1,7,7,7,7,7,1,7,7,7,7,7,1,7,7,7,7,7,7,7,7,7,7,7,7,7,7,7,7,7,7,1,7,7,7,7,7,7,7,7,7,7,7,Daily,1-3 years,More than 10 hours,Male,36-50,Masters Degree,United States of America,Construction
173.94.197.158,209,R_2gfaHMklyvcvfP7,36.33999634,-79.62879944,Yes,7,7,4,7,6,7,7,7,1,7,7,6,7,7,7,7,7,7,4,7,7,7,7,7,7,6,6,7,6,7,7,7,7,6,7,7,6,7,7,2,7,7,6,7,7,7,7,7,6,7,7,Daily,1-3 years,5-10 hours,Male,36-50,4-year College Degree,United States of America,"Professional, scientific or technical services"
69.92.209.73,231,R_cFRPxQT3HhYrRI1,33.43409729,-88.35649872,Yes,7,7,6,6,6,7,5,5,1,4,6,6,6,6,1,6,6,6,6,5,3,6,6,6,6,6,6,7,7,7,7,7,7,7,6,6,5,5,5,1,5,5,6,6,6,6,6,6,6,6,5,Daily,1-3 years,More than 10 hours,Female,26-35,Masters Degree,United States of America,Educational services
65.33.207.72,468,R_ba0UAsdN3Oqby2V,27.97309875,-81.67359924,Yes,7,5,6,6,7,3,7,5,6,6,7,5,7,5,6,7,6,6,5,7,4,7,5,5,6,6,7,7,6,5,6,7,7,5,7,6,7,6,7,5,6,5,7,6,7,5,6,5,6,6,7,Daily,1-3 years,2-5 hours,Female,Under 25,4-year College Degree,United States of America,Real estate or rental and leasing
71.171.14.244,177,R_8CI1lN8JUKRADkx,37.32110596,-79.52739716,Yes,7,7,7,7,7,7,7,7,7,7,7,7,7,7,7,7,7,7,7,7,7,7,7,7,7,7,7,7,6,7,7,7,6,7,7,6,7,7,7,7,7,6,7,7,7,7,6,7,7,6,6,Daily,7-12 months,5-10 hours,Female,26-35,2-year College Degree,United States of America,Information
96.230.6.31,135,R_1BxJ9Ryh65bN9Zj,42.00289917,-71.51480103,Yes,7,6,6,7,7,6,6,7,7,7,6,6,7,7,6,7,6,7,7,6,7,7,6,6,7,7,6,7,6,7,6,7,7,6,7,6,7,6,7,7,7,7,7,6,7,7,7,7,6,6,7,Daily,1-6 months,2-5 hours,Female,36-50,High School,United States of America,"Admin, support, waste management or remediation services"
172.58.201.253,127,R_aW8G2ZkQNxpQdlH,39.95230103,-75.1638031,Yes,7,7,7,7,7,7,7,7,1,7,7,7,7,7,1,7,7,7,7,7,1,7,7,7,7,7,7,7,7,7,7,7,7,7,7,7,7,7,7,7,7,7,7,7,7,7,7,7,7,7,7,Daily,1-3 years,2-5 hours,Female,26-35,Masters Degree,United States of America,Educational services
99.91.205.175,260,R_9sISKmE6ifNPj4F,39.7743988,-86.10970306,Yes,7,7,1,7,7,7,1,7,1,1,7,7,7,7,1,7,7,7,7,7,1,7,7,7,7,7,1,7,7,1,7,7,7,7,7,7,7,7,7,1,4,7,7,7,7,7,7,7,7,7,7,Daily,1-3 years,2-5 hours,Male,26-35,Masters Degree,United States of America,Educational services
172.58.201.179,141,R_8wE5Zsc4ytf3CSx,39.95230103,-75.1638031,Yes,7,7,7,7,7,7,7,7,7,7,7,7,7,7,7,7,7,7,7,7,4,7,7,7,7,7,7,7,7,7,7,7,7,7,7,7,7,7,7,2,7,7,6,7,1,7,7,6,7,6,6,Daily,1-3 years,Less than one hour,Male,36-50,High School,United States of America,Information
67.80.11.167,136,R_eWgE27uyXA3EJQ9,41.14120483,-73.26370239,Yes,7,6,5,7,6,5,7,6,5,6,7,6,5,7,6,5,6,7,6,5,6,7,7,6,5,5,6,7,7,6,6,5,4,7,7,7,7,5,5,6,6,7,6,5,5,6,6,6,5,6,7,Daily,7-12 months,5-10 hours,Male,26-35,4-year College Degree,United States of America,"Professional, scientific or technical services"
209.58.144.207,118,R_0P1flxo8f1gm1Dv,32.78250122,-96.8207016,Yes,7,7,6,7,7,7,7,6,7,7,7,7,6,7,7,7,7,7,7,7,7,7,6,7,7,7,7,7,6,7,7,7,6,7,7,7,7,7,7,6,7,7,7,6,7,7,7,6,7,7,7,Daily,More than 3 years,2-5 hours,Male,Under 25,4-year College Degree,United States of America,Manufacturing
45.32.131.45,248,R_cutI1h9aKdIKFE1,37.33869934,-121.8914032,Yes,7,6,7,6,7,6,7,6,7,6,7,6,7,6,7,6,7,7,6,7,6,7,6,7,6,7,6,7,6,7,6,7,6,7,6,7,7,6,7,6,7,6,7,6,7,6,7,6,7,6,7,Daily,1-6 months,1-2 hours,Male,26-35,Doctoral Degree,United States of America,Finance or insurance
23.239.195.139,250,R_byzbyv8NQPZayi1,39.73880005,-104.4083023,Yes,7,6,5,6,6,5,5,5,4,5,4,4,6,4,6,5,6,7,6,5,5,7,6,5,4,5,6,5,4,5,6,5,4,4,5,5,5,6,6,6,5,5,5,6,6,5,5,5,5,6,6,Daily,1-6 months,1-2 hours,Female,26-35,Masters Degree,United States of America,Transportation or warehousing
173.71.129.49,188,R_5ve3ad8g18C7vaR,37.05050659,-76.35230255,Yes,7,7,7,7,7,7,7,7,1,7,7,7,7,7,7,7,7,7,7,7,7,7,7,7,7,7,7,7,7,7,7,7,7,7,7,7,7,7,7,7,7,7,7,7,7,7,7,7,7,7,7,Daily,More than 3 years,1-2 hours,Female,26-35,Some College,United States of America,Other services (except public administration)
72.178.19.254,135,R_bj7KspElBKu6TNr,31.90229797,-106.4065018,Yes,7,6,6,7,7,7,6,5,5,7,7,7,5,5,7,7,6,7,5,5,7,6,6,4,7,6,5,6,7,6,4,7,6,6,5,7,7,5,5,7,6,6,5,7,6,6,5,7,6,6,5,Daily,More than 3 years,More than 10 hours,Female,26-35,4-year College Degree,United States of America,Retail trade
45.76.65.130,102,R_3Q0nrUQxNPQKWih,34.06739807,-118.2422943,Yes,7,6,6,6,7,6,6,7,6,7,6,6,6,6,6,7,6,7,6,6,7,6,6,7,6,7,6,6,7,6,7,6,7,7,7,6,7,6,6,7,6,7,7,6,6,7,6,7,7,6,7,Daily,1-3 years,5-10 hours,Male,26-35,Professional Degree,United States of America,Finance or insurance
96.36.154.154,248,R_bOqJGD4Q6lO09ut,35.51530457,-79.20069885,Yes,7,7,7,7,7,7,7,7,1,7,7,5,7,1,1,7,7,7,7,7,1,7,7,7,7,7,7,7,7,7,7,7,7,7,7,7,6,7,7,1,7,7,7,7,7,7,7,7,7,7,7,Daily,More than 3 years,1-2 hours,Male,Over 50,2-year College Degree,United States of America,Manufacturing
172.13.104.226,234,R_1LIdK5iVdlE4Odn,32.69709778,-96.68569946,Yes,7,7,7,7,7,7,7,7,1,7,6,7,7,5,1,7,7,7,6,7,4,7,7,6,6,5,5,6,7,5,6,6,6,7,7,7,6,7,7,1,6,6,6,5,6,7,6,6,7,5,6,Daily,More than 3 years,More than 10 hours,Male,26-35,2-year College Degree,United States of America,Construction
173.188.3.178,157,R_2l6a70Fpd5GWDB3,41.51300049,-80.06620026,Yes,7,7,7,7,7,7,7,7,7,7,7,7,7,7,7,7,7,7,7,7,7,7,7,7,7,7,7,7,7,7,7,7,7,7,7,7,6,6,6,7,6,7,6,7,7,6,7,7,7,7,7,Daily,More than 3 years,5-10 hours,Female,26-35,Some College,United States of America,Health care or social assistance
45.76.3.25,178,R_390q1v1kTzOvDmd,40.41690063,-74.25789642,Yes,7,6,5,6,7,6,5,6,7,6,6,5,6,7,6,5,6,7,6,5,4,5,6,7,6,5,4,5,6,7,6,5,6,7,6,5,7,6,5,4,5,6,7,6,5,6,5,6,7,6,5,Daily,1-6 months,2-5 hours,Male,26-35,Doctoral Degree,United States of America,Other services (except public administration)
24.170.233.114,361,R_dg1snn4zVSRWyHj,39.65400696,-77.64320374,Yes,7,7,7,7,7,7,7,7,1,7,7,7,7,7,4,7,6,7,7,7,1,7,7,7,7,7,7,7,7,7,7,7,7,7,7,7,7,7,7,7,7,7,7,7,7,7,7,7,7,7,7,Daily,1-6 months,1-2 hours,Female,Over 50,2-year College Degree,United States of America,Health care or social assistance
208.107.23.15,606,R_6G0mTbH5LHVAV5r,43.53669739,-96.6984024,Yes,7,7,6,7,6,7,7,6,1,6,6,6,7,6,3,5,5,7,7,6,4,5,6,5,6,4,6,6,7,3,5,6,7,7,5,7,5,7,5,1,5,6,5,5,4,5,5,5,6,6,7,Daily,More than 3 years,2-5 hours,Male,36-50,2-year College Degree,United States of America,Management of companies or enterprises
107.202.182.145,456,R_bsIxpRlW2QI34jP,38.98500061,-95.34359741,Yes,7,7,7,7,7,7,7,7,1,5,7,4,7,7,7,7,7,7,7,7,1,7,7,7,5,7,7,7,7,7,7,6,6,6,6,6,7,5,5,5,5,5,5,5,5,5,5,5,5,5,5,Daily,7-12 months,More than 10 hours,Male,36-50,High School,United States of America,Educational services
69.65.45.53,484,R_8ie9f9AckoAkAhT,42.06430054,-87.99210358,Yes,7,6,5,7,7,7,6,7,1,6,6,6,7,7,6,7,6,7,7,5,4,4,6,7,7,6,4,7,7,1,5,5,7,6,7,7,6,7,7,2,6,5,6,7,7,7,7,6,7,7,6,Daily,7-12 months,5-10 hours,Female,26-35,4-year College Degree,United States of America,Health care or social assistance
104.178.206.178,103,R_6KWxtGnsYrL7mV7,34.49429321,-84.91120148,Yes,7,7,7,7,7,7,7,7,7,7,7,7,7,7,1,7,7,7,7,7,7,7,7,7,7,7,7,7,7,7,7,7,7,7,7,7,6,7,7,7,7,7,7,7,7,7,7,7,7,7,7,Daily,More than 3 years,5-10 hours,Female,36-50,4-year College Degree,United States of America,Health care or social assistance
104.156.245.163,167,R_7a13r0NoKhQkam9,25.81239319,-80.24009705,Yes,7,6,7,7,7,6,7,7,6,7,7,6,7,7,7,6,7,7,6,7,7,6,7,7,7,6,7,7,6,7,7,7,6,7,7,6,7,7,6,7,7,7,6,7,7,7,6,7,7,6,7,Daily,More than 3 years,5-10 hours,Male,26-35,Masters Degree,United States of America,Finance or insurance
68.235.37.83,271,R_9KMxW0h3yibD3Cd,30.39089966,-86.31610107,Yes,7,7,7,7,7,7,7,7,7,7,7,7,7,7,7,7,7,7,7,7,7,7,7,7,7,7,7,7,7,7,7,7,7,7,7,7,7,7,7,7,7,7,7,7,7,7,7,7,7,7,7,Daily,7-12 months,More than 10 hours,Male,Under 25,Professional Degree,United States of America,"Forestry, fishing, hunting or agriculture support"
73.194.116.140,575,R_dmNKPylmVu8FZVb,40.73640442,-74.07240295,Yes,7,6,6,5,7,7,4,6,3,6,5,4,5,4,5,5,6,6,4,7,4,5,6,6,4,5,5,6,3,6,7,5,5,7,6,6,5,6,6,4,5,6,6,6,6,4,5,7,7,4,5,Daily,1-3 years,2-5 hours,Female,26-35,Masters Degree,United States of America,Health care or social assistance
75.163.248.206,406,R_9SUpVpFgVfAF3h3,38.90480042,-104.7016983,Yes,7,6,5,5,6,5,5,6,1,7,7,5,7,5,2,7,6,6,6,4,2,7,6,7,5,4,5,5,6,4,6,5,7,7,7,5,6,6,6,1,5,6,7,7,5,6,7,7,7,6,5,Daily,More than 3 years,More than 10 hours,Female,36-50,Some College,United States of America,Retail trade
162.226.49.18,468,R_bqNwLnMUZMcZtNr,34.66850281,-86.55760193,Yes,7,7,7,7,7,7,7,7,7,7,7,7,7,7,7,7,7,7,6,7,7,6,7,6,7,6,7,6,7,6,7,6,7,6,7,6,7,6,7,6,7,4,5,3,3,4,3,4,5,6,3,Daily,7-12 months,More than 10 hours,Female,36-50,High School,United States of America,Management of companies or enterprises
68.198.184.199,183,R_bw64fQGd03ZJMKp,40.87600708,-73.87159729,Yes,7,7,7,7,6,7,7,7,1,7,7,7,7,7,3,7,7,7,7,7,4,7,7,7,6,7,7,7,7,4,5,7,6,6,7,7,7,7,7,4,6,6,6,7,6,7,6,6,6,6,6,Daily,7-12 months,5-10 hours,Male,36-50,4-year College Degree,United States of America,Retail trade
167.88.5.53,381,R_7VfsBO9GdHnP2fz,29.6282959,-95.56240082,Yes,7,7,7,6,6,7,7,7,5,6,7,7,7,7,7,6,7,7,7,7,7,7,6,5,7,7,7,6,7,6,6,6,7,6,7,7,7,7,7,7,7,6,6,7,7,7,7,7,6,6,7,Daily,1-6 months,Less than one hour,Male,26-35,Doctoral Degree,United States of America,Finance or insurance
54.148.153.26,692,R_effyVMKpFeFbTmt,45.86959839,-119.6880035,Yes,7,7,6,6,7,7,5,6,2,7,7,3,6,7,7,6,6,7,5,6,7,6,7,7,7,7,5,7,5,6,6,4,3,7,6,4,6,6,5,5,3,6,7,7,6,1,6,6,1,3,6,Daily,More than 3 years,Less than one hour,Male,Over 50,Some College,United States of America,Finance or insurance
70.195.132.112,312,R_bmDPjZRQoUcfBf7,42.83560181,-78.74839783,Yes,7,7,5,6,7,7,7,6,1,7,5,4,6,2,4,5,5,4,5,5,7,7,7,4,4,4,5,6,7,7,6,3,7,7,7,7,3,5,7,2,5,2,5,4,5,5,5,5,5,5,5,Daily,7-12 months,2-5 hours,Female,26-35,2-year College Degree,United States of America,Information
67.190.1.42,282,R_3CtQwVFfu0tOOPz,38.91419983,-104.7749023,Yes,4,3,4,4,2,1,1,1,3,3,2,2,2,5,3,2,2,4,3,3,6,4,3,2,5,4,4,4,2,2,2,4,2,2,2,2,4,4,4,6,4,4,4,4,4,2,1,4,4,2,3,Every second week,1-3 years,Less than one hour,Male,Over 50,Some College,United States of America,Other services (except public administration)
108.233.62.14,254,R_ebLPUDRRpUSfEhv,32.59010315,-96.96759796,Yes,4,2,3,4,2,1,4,5,5,5,2,4,3,4,7,3,2,4,3,2,4,3,4,3,2,1,1,1,3,4,3,2,3,2,2,4,1,1,2,5,3,4,3,3,4,3,3,4,3,3,4,Every second week,More than 3 years,2-5 hours,Male,36-50,4-year College Degree,United States of America,Finance or insurance
24.187.16.156,219,R_4SMDX97FPoxA40R,40.39579773,-74.32550049,Yes,5,6,4,5,4,3,5,6,3,4,3,2,5,7,5,4,6,3,4,5,6,6,6,7,6,3,5,3,3,4,5,2,4,3,4,6,2,3,5,6,3,5,2,5,5,5,4,6,5,5,5,Every second week,More than 3 years,Less than one hour,Female,26-35,4-year College Degree,United States of America,"Professional, scientific or technical services"
68.110.163.196,311,R_0P33Lxf23SW3w1L,29.91799927,-90.20330048,Yes,5,5,2,3,1,3,3,5,5,5,4,3,3,4,4,4,4,4,3,4,4,5,5,4,4,3,3,4,4,2,2,1,2,1,4,2,3,3,3,3,3,3,3,3,3,3,3,3,3,3,3,Every second week,More than 3 years,Less than one hour,Female,26-35,Masters Degree,United States of America,Information
24.16.174.133,185,R_6Ek2R8JKajDOInP,47.64759827,-122.5363998,Yes,5,6,5,6,5,6,6,5,6,6,6,5,5,6,6,6,5,5,5,6,5,5,6,6,5,6,6,6,5,6,6,6,5,6,6,5,5,6,6,5,6,6,6,5,6,5,5,6,6,5,6,Every second week,More than 3 years,Less than one hour,Female,Over 50,4-year College Degree,United States of America,Educational services
174.26.154.24,115,R_aVme1PN9tlwoK5T,33.4125061,-111.8319016,Yes,5,5,3,4,3,4,5,5,3,5,4,5,5,5,2,5,4,5,5,5,3,5,5,5,5,5,3,4,5,3,4,4,4,3,4,5,4,5,5,5,4,4,4,4,4,4,5,5,5,5,5,Every second week,1-3 years,Less than one hour,Female,26-35,Masters Degree,United States of America,Educational services
68.44.111.138,154,R_4YGXsp0e4VEsMSN,40.04829407,-85.6855011,Yes,5,5,5,5,5,5,5,5,2,3,5,5,5,5,5,5,5,4,4,3,4,4,4,4,5,4,4,4,4,4,4,4,4,4,4,4,4,4,4,4,4,4,4,4,4,4,4,4,4,4,4,Every second week,1-3 years,Less than one hour,Male,26-35,Some College,United States of America,Other services (except public administration)
209.6.49.90,824,R_bQ17IthYsFrCkbH,42.40190125,-71.11930084,Yes,5,7,5,6,3,7,7,7,2,4,4,7,5,7,7,4,6,5,7,7,7,5,6,6,6,5,3,5,7,6,7,4,6,2,4,6,7,7,7,4,5,5,6,3,4,5,3,7,7,4,4,Every second week,1-3 years,Less than one hour,Female,36-50,4-year College Degree,United States of America,Unclassified establishments
47.199.23.135,108,R_d4mn34V9lnbha1n,28.00100708,-82.40129852,Yes,5,5,6,6,4,6,6,6,5,5,5,5,5,6,5,6,5,6,5,4,5,4,4,5,5,4,3,4,3,4,4,5,5,4,4,4,5,5,5,3,5,4,4,4,6,4,5,4,5,4,4,Every second week,7-12 months,5-10 hours,Male,36-50,4-year College Degree,United States of America,Other services (except public administration)
98.10.206.103,157,R_5iOLRptnsrmv6Vn,43.11540222,-77.55760193,Yes,5,5,3,4,2,2,3,3,6,3,2,2,3,2,2,3,3,2,3,2,6,3,3,2,2,2,2,1,2,2,2,2,3,2,2,2,2,2,2,3,2,2,2,2,2,2,2,2,2,2,2,Every second week,7-12 months,Less than one hour,Female,26-35,4-year College Degree,United States of America,Retail trade
174.21.183.1,345,R_eyNiNclpO512uHP,47.53739929,-122.391098,Yes,6,6,6,5,4,4,6,6,4,5,5,4,5,6,6,5,6,5,4,6,6,5,5,5,6,5,5,5,6,4,5,5,5,3,5,6,5,4,5,4,4,6,6,7,6,1,4,4,5,6,5,Every second week,More than 3 years,Less than one hour,Female,26-35,4-year College Degree,United States of America,Information
73.157.195.238,355,R_77gHWhMVfK8QuMd,44.90229797,-123.0662003,Yes,6,4,5,6,2,4,4,4,5,4,4,4,4,4,4,4,4,4,4,1,4,5,4,5,4,4,4,4,4,4,4,4,4,2,4,4,5,5,5,4,4,5,4,4,4,4,4,5,4,4,4,Every second week,1-3 years,Less than one hour,Female,Over 50,Some College,United States of America,"Forestry, fishing, hunting or agriculture support"
174.105.84.94,604,R_0UlV0NUrjNZwEF7,39.86390686,-83.12010193,Yes,6,6,5,5,4,5,5,6,6,6,5,5,5,5,6,6,6,5,5,6,5,5,5,5,5,5,5,5,5,5,5,5,5,5,6,6,5,5,5,5,5,6,5,5,5,5,5,5,5,5,5,Every second week,7-12 months,1-2 hours,Female,36-50,Some College,United States of America,Finance or insurance
68.97.66.98,224,R_2nQAvH1kM3KSF4p,35.71069336,-97.42949677,Yes,6,5,3,6,4,3,3,5,4,6,3,3,3,5,6,4,4,5,3,6,4,5,6,5,5,2,3,3,5,2,3,2,3,2,5,3,3,4,3,5,3,6,4,5,3,4,4,4,5,3,4,Every second week,1-3 years,Less than one hour,Male,Under 25,4-year College Degree,United States of America,Other services (except public administration)
24.4.205.231,280,R_1IjZjl39yeS6cZf,37.73669434,-122.4571991,Yes,7,4,1,4,2,4,1,4,3,3,7,1,4,4,1,7,4,7,5,3,3,5,5,3,3,3,3,3,5,3,3,3,3,1,5,4,4,3,4,5,4,4,4,5,4,4,4,5,4,4,4,Every second week,More than 3 years,Less than one hour,Female,Over 50,Masters Degree,United States of America,Health care or social assistance
45.24.124.176,187,R_0UO6clYePUkri0l,33.48109436,-87.0951004,Yes,7,6,6,6,7,6,6,5,1,4,5,6,6,6,5,6,6,7,6,6,5,6,5,6,5,6,6,5,6,6,5,6,6,6,5,6,7,6,6,6,7,6,6,7,6,6,6,5,6,6,5,Every second week,1-3 years,Less than one hour,Female,36-50,Some College,United States of America,Retail trade
47.33.62.122,238,R_0xikKQ0to1noyot,39.4907074,-119.9028015,Yes,7,6,1,3,3,1,2,7,6,5,4,3,2,6,7,7,4,1,6,2,6,4,4,7,1,7,2,1,3,7,5,5,6,4,2,4,5,7,4,4,6,7,3,5,7,7,7,6,5,4,1,Every second week,More than 3 years,Less than one hour,Male,26-35,Masters Degree,United States of America,Transportation or warehousing
161.45.206.222,231,R_dcni741we7hazzv,35.85960388,-86.42099762,Yes,7,7,5,5,3,5,6,7,1,7,4,6,4,4,7,5,7,7,4,6,5,7,7,6,4,4,1,6,4,1,5,5,7,1,7,7,5,6,6,1,6,7,6,7,5,7,4,6,7,7,6,Every second week,1-6 months,1-2 hours,Female,26-35,4-year College Degree,United States of America,Real estate or rental and leasing
96.47.155.33,263,R_eW0rVlo0L5vCk1n,28.76199341,-81.62999725,Yes,3,6,6,5,3,4,4,5,4,2,3,3,5,5,3,5,3,2,2,1,6,6,4,3,5,3,3,5,4,1,6,4,6,2,5,3,4,5,3,4,5,4,3,4,5,3,6,5,5,4,3,Once a week,1-6 months,1-2 hours,Male,26-35,2-year College Degree,United States of America,Educational services
24.6.17.138,258,R_8xiO9zRyDXJI8Dj,37.34860229,-121.951004,Yes,4,4,6,4,4,5,5,5,5,4,4,5,4,4,5,5,5,4,3,4,3,3,4,4,4,3,4,3,4,4,4,4,3,4,3,4,4,4,5,4,4,4,4,5,5,5,5,5,4,5,4,Once a week,7-12 months,1-2 hours,Female,Under 25,4-year College Degree,United States of America,Other services (except public administration)
67.61.125.141,278,R_eRuzFuDJt3Casvj,43.60079956,-116.6102982,Yes,4,5,3,6,2,2,5,6,2,6,4,6,4,7,5,5,6,6,4,7,4,5,6,7,5,5,6,7,5,4,5,4,6,3,5,6,5,6,6,3,5,6,6,5,6,6,3,5,6,6,2,Once a week,7-12 months,Less than one hour,Female,Under 25,Some College,United States of America,Finance or insurance
174.60.9.115,241,R_7aOGd8F8vmjiajj,40.31599426,-76.0345993,Yes,4,4,4,5,3,5,5,4,5,4,3,4,4,4,4,5,4,4,5,4,6,4,4,4,4,3,4,4,4,3,5,3,5,2,5,4,4,4,4,4,4,3,5,4,5,2,3,4,5,4,4,Once a week,1-3 years,1-2 hours,Male,36-50,4-year College Degree,United States of America,"Professional, scientific or technical services"
173.49.123.20,371,R_4ObeakUGvho8rlz,40.07980347,-75.28549957,Yes,4,4,1,3,2,3,5,5,1,5,3,1,5,2,3,4,4,1,3,5,6,6,5,2,2,1,1,1,1,1,4,1,4,2,4,4,4,3,4,7,3,4,2,3,3,1,2,3,4,1,4,Once a week,1-3 years,1-2 hours,Female,Over 50,4-year College Degree,United States of America,Health care or social assistance
72.211.215.123,198,R_5dQFbtYy5fp7cPP,33.70809937,-117.7595978,Yes,5,5,4,3,4,4,5,5,4,4,4,4,4,6,7,4,4,5,4,5,4,4,4,5,7,4,4,4,4,4,4,4,4,4,4,4,4,4,4,4,4,5,4,4,4,4,4,6,4,4,4,Once a week,1-3 years,Less than one hour,Female,26-35,4-year College Degree,United States of America,"Professional, scientific or technical services"
64.129.18.90,187,R_6PaznQYTWCqXUzz,42.85710144,-73.79930115,Yes,5,5,2,3,2,4,5,5,4,6,4,1,3,5,5,4,2,2,2,6,5,4,2,2,5,4,3,3,4,2,3,2,3,2,4,3,4,4,4,4,2,5,5,4,4,4,4,6,5,2,3,Once a week,More than 3 years,Less than one hour,Female,Over 50,Masters Degree,United States of America,"Professional, scientific or technical services"
50.26.173.51,234,R_3rTuslhrDSbGgqp,32.42500305,-99.79759979,Yes,5,4,1,3,4,3,3,4,5,5,4,4,4,5,4,4,4,4,5,4,5,4,5,4,5,4,5,4,5,4,4,5,5,4,4,5,2,3,4,5,6,5,4,3,2,3,4,5,4,5,4,Once a week,7-12 months,5-10 hours,Female,36-50,High School,United States of America,Retail trade
108.93.37.9,173,R_e58Rr5WoUWmCW2N,41.81300354,-87.71340179,Yes,5,3,4,4,4,3,4,4,4,5,4,3,4,3,4,4,4,5,4,4,5,4,5,4,3,5,4,4,5,4,5,4,3,5,3,4,5,4,3,4,5,4,4,5,4,4,5,4,3,4,5,Once a week,1-3 years,2-5 hours,Female,26-35,High School,United States of America,Other services (except public administration)
67.172.128.156,193,R_9uGyHvU3oBrzNlP,39.82879639,-105.0606995,Yes,5,5,4,5,4,5,5,5,3,4,4,5,5,5,3,4,5,6,5,5,4,4,5,5,5,4,4,5,5,5,4,4,5,4,5,5,5,4,5,4,5,5,5,5,5,5,5,6,4,5,5,Once a week,1-3 years,1-2 hours,Female,26-35,4-year College Degree,United States of America,"Professional, scientific or technical services"
70.112.71.34,264,R_9pimu9SqsbJ4gAZ,30.32049561,-97.87590027,Yes,5,4,2,4,3,2,2,4,2,4,3,3,4,4,4,3,4,4,3,4,5,4,4,4,5,4,1,4,3,2,2,2,4,2,4,4,2,2,3,5,2,2,2,3,4,4,2,4,4,4,4,Once a week,1-3 years,Less than one hour,Female,36-50,4-year College Degree,United States of America,Educational services
72.70.229.2,222,R_7Wp0nAlEvQIyv4x,42.33059692,-72.63059998,Yes,5,5,5,5,4,5,5,5,2,5,4,5,5,5,5,5,5,5,5,4,4,5,5,5,4,4,5,5,5,4,5,5,5,4,5,5,4,4,5,5,4,5,5,4,5,5,5,4,5,4,5,Once a week,1-3 years,1-2 hours,Male,Over 50,Some College,United States of America,Wholesale trade
68.50.90.58,356,R_5uyDX5dWbyKhAWh,39.19230652,-86.02069855,Yes,5,4,4,5,2,3,5,5,4,5,5,4,4,6,2,4,4,6,5,4,4,6,4,4,6,6,6,4,6,3,3,3,5,2,5,5,5,4,5,3,5,7,5,5,4,3,4,6,4,5,3,Once a week,1-3 years,Less than one hour,Female,26-35,4-year College Degree,United States of America,Educational services
71.47.85.106,170,R_b2PPVzjpl7fhzI9,28.49130249,-81.40969849,Yes,6,7,6,6,4,5,5,6,3,5,5,5,6,6,4,5,5,7,4,6,5,5,5,7,6,6,5,6,6,4,6,4,4,4,6,7,5,6,5,6,6,5,5,6,7,6,5,5,6,6,5,Once a week,1-6 months,Less than one hour,Female,26-35,4-year College Degree,United States of America,Information
50.200.75.88,123,R_eeyOMIYlQvRKz1X,44.97590637,-93.21659851,Yes,6,5,5,5,5,5,5,5,5,5,4,4,4,4,4,5,4,5,5,4,4,3,5,4,4,3,4,4,5,5,4,5,4,4,5,5,5,5,5,5,4,5,5,4,5,4,5,5,5,4,5,Once a week,1-3 years,1-2 hours,Female,Under 25,4-year College Degree,United States of America,Accommodation or food services
68.82.87.186,246,R_4ToNrpzFchLWEL3,40.09249878,-74.98529816,Yes,6,6,6,6,6,6,6,6,3,6,6,6,6,5,6,6,6,6,6,6,4,6,6,4,6,5,5,6,6,6,6,6,6,6,7,6,6,6,6,4,6,6,5,6,6,6,6,6,6,6,6,Once a week,1-6 months,1-2 hours,Female,26-35,4-year College Degree,United States of America,Finance or insurance
98.113.17.69,439,R_br55PbeNAnmsVXT,40.85940552,-73.21209717,Yes,6,7,4,5,2,5,7,6,2,6,5,5,5,6,4,5,7,7,5,7,2,6,6,6,4,5,4,5,5,6,7,5,6,2,6,6,6,7,6,3,6,4,6,4,6,7,6,7,6,5,6,Once a week,1-3 years,1-2 hours,Male,36-50,Some College,United States of America,Transportation or warehousing
24.72.174.169,138,R_40Ebn7W31ViYEBf,27.46150208,-97.84369659,Yes,6,5,5,6,6,6,6,6,3,6,5,5,5,6,3,6,6,7,6,6,4,6,5,6,6,3,6,6,6,6,6,5,5,4,5,6,4,6,5,5,5,6,5,6,5,5,5,5,6,5,5,Once a week,1-3 years,1-2 hours,Female,26-35,Masters Degree,United States of America,Finance or insurance
208.102.252.202,218,R_0NEe5y9Ff0YQ74h,39.15789795,-84.59660339,Yes,6,5,5,5,5,5,4,5,4,5,3,3,3,5,5,5,4,6,3,4,6,5,5,5,4,4,2,4,4,4,5,2,5,1,5,4,5,5,5,4,5,5,5,4,5,4,4,5,5,5,4,Once a week,More than 3 years,1-2 hours,Male,26-35,4-year College Degree,United States of America,Accommodation or food services
173.53.35.206,272,R_b1lP4839USTSLSR,37.46769714,-77.58999634,Yes,6,5,5,5,1,3,1,3,1,4,3,4,4,4,4,4,4,4,1,7,4,7,4,7,1,1,1,4,1,1,4,1,4,1,4,4,4,4,4,7,1,4,3,1,1,1,1,7,4,3,3,Once a week,1-3 years,Less than one hour,Female,36-50,4-year College Degree,United States of America,Health care or social assistance
68.35.56.206,315,R_0TmVw8xJSvNJAK9,34.76860046,-87.5582962,Yes,6,6,3,5,2,4,4,6,3,5,3,1,5,6,2,5,7,5,2,7,5,7,7,5,6,4,2,5,4,2,4,6,4,1,5,7,5,5,7,3,5,7,4,2,4,7,6,7,7,3,7,Once a week,More than 3 years,1-2 hours,Female,26-35,Masters Degree,United States of America,"Professional, scientific or technical services"
8.40.61.106,198,R_42PoCUi2Omhx62F,36.2532959,-81.83100128,Yes,6,4,5,5,3,3,3,5,3,7,4,1,4,5,3,3,4,4,1,2,6,6,5,4,6,2,2,3,3,1,2,4,3,1,6,5,5,4,2,1,4,5,5,3,4,3,4,7,4,4,5,Once a week,1-3 years,Less than one hour,Male,36-50,Masters Degree,United States of America,Educational services
76.5.99.36,207,R_4IagoQOs6ZhqeWx,40.36180115,-84.06169891,Yes,6,6,4,4,3,4,5,6,3,5,4,3,5,3,4,5,6,4,3,2,5,5,7,5,2,3,2,4,5,2,4,2,7,2,7,5,4,5,5,6,4,5,4,6,3,2,4,6,5,4,1,Once a week,1-3 years,Less than one hour,Male,36-50,Less than High School,United States of America,Manufacturing
68.112.181.155,321,R_9GJdXkqnFtVPNzL,43.63290405,-88.75650024,Yes,6,7,5,6,4,6,6,6,2,5,6,4,5,5,4,5,6,6,5,7,5,5,6,5,5,6,5,7,7,6,5,4,6,3,6,6,5,6,6,5,4,6,7,6,5,5,6,5,6,5,5,Once a week,1-3 years,2-5 hours,Female,36-50,Professional Degree,United States of America,Health care or social assistance
70.208.230.16,312,R_ahEcpc8fLaU1tvn,39.33760071,-84.40440369,Yes,6,5,3,6,5,6,5,6,2,5,6,3,5,6,4,5,6,5,2,6,3,6,6,3,5,4,4,6,2,2,5,3,4,3,5,6,5,5,5,3,3,5,4,5,3,3,4,6,5,3,5,Once a week,More than 3 years,Less than one hour,Male,36-50,4-year College Degree,United States of America,"Professional, scientific or technical services"
107.77.228.212,612,R_6z2t8BZMrxBdCL3,34.0625,-118.1228027,Yes,6,6,7,5,4,4,5,5,3,5,4,3,4,7,7,4,6,6,5,6,6,5,5,6,6,4,5,3,5,3,5,3,5,3,4,5,5,6,6,6,4,5,5,5,5,4,5,5,5,5,4,Once a week,More than 3 years,Less than one hour,Female,Under 25,4-year College Degree,United States of America,Finance or insurance
210.9.188.172,13715,R_3sn0yYn9HzBDsDD,-33.86659241,151.2081909,Yes,7,2,4,4,1,3,2,3,6,6,1,1,5,5,7,2,6,2,2,7,4,4,2,7,6,2,3,6,1,2,6,1,2,1,4,1,5,5,5,6,1,5,5,5,1,1,1,2,2,2,2,Once a week,1-3 years,Less than one hour,Female,26-35,4-year College Degree,Australia,"Professional, scientific or technical services"
66.191.34.255,165,R_6lBXrE2qoNxdAm9,33.90710449,-118.0766983,Yes,7,6,4,4,2,6,4,5,2,5,2,4,6,5,3,5,5,5,2,7,5,5,4,5,4,5,5,5,5,2,5,5,6,1,5,5,5,5,3,5,5,6,5,6,5,5,4,6,5,5,5,Once a week,7-12 months,Less than one hour,Female,Under 25,4-year College Degree,United States of America,Other services (except public administration)
73.93.143.73,479,R_07BBIhMcWxSwi1L,37.90170288,-122.2615051,Yes,7,7,7,7,4,5,4,4,3,7,4,1,7,7,2,7,3,7,6,7,6,7,7,7,7,6,6,7,7,2,6,5,7,4,7,6,6,3,6,2,2,6,7,6,5,6,5,6,5,6,4,Once a week,More than 3 years,1-2 hours,Female,26-35,Some College,United States of America,Other services (except public administration)
68.19.232.138,271,R_bpXzC18tYzDEyb3,30.64329529,-89.65820313,Yes,7,7,7,7,5,5,5,7,5,7,3,3,7,6,6,7,5,4,4,6,7,7,7,7,5,6,6,7,7,7,7,1,4,1,7,7,4,2,4,7,1,7,4,4,4,1,1,6,6,1,1,Once a week,More than 3 years,Less than one hour,Female,Over 50,Some College,United States of America,Health care or social assistance
71.93.132.21,109,R_bfNYQ0AkbvTdvxz,34.1486969,-117.511795,Yes,7,5,6,6,1,4,6,5,6,5,5,6,5,5,5,6,6,7,7,7,7,7,7,3,5,4,5,5,2,5,5,5,6,6,6,5,7,7,7,7,7,4,5,3,5,5,5,5,4,6,4,Once a week,1-3 years,1-2 hours,Male,Under 25,4-year College Degree,United States of America,Management of companies or enterprises
69.246.165.58,186,R_8ppRF2nqfdSx2kJ,30.17550659,-84.33860016,Yes,7,7,4,6,1,6,4,6,3,4,4,4,5,1,1,5,4,7,1,4,4,7,4,4,5,4,4,7,6,1,1,5,5,1,5,4,4,5,5,3,4,4,4,5,4,3,4,5,6,4,4,Once a week,More than 3 years,1-2 hours,Female,26-35,Some College,United States of America,Health care or social assistance
50.102.88.40,393,R_06WwzxK9XG0RGv3,41.15690613,-85.05560303,Yes,7,7,4,7,5,7,4,5,1,7,5,6,7,7,2,5,5,6,7,5,3,4,5,6,3,2,3,5,7,4,6,5,7,3,7,7,4,6,6,5,3,5,5,3,5,5,4,4,4,3,5,Once a week,7-12 months,Less than one hour,Female,26-35,4-year College Degree,United States of America,Educational services
47.144.171.247,493,R_aa4hMWlB4EFyuNL,33.8742981,-118.3721008,Yes,7,4,5,4,1,3,5,6,5,7,2,1,4,6,5,4,4,7,4,7,3,7,4,7,7,4,7,7,5,2,3,1,3,1,4,4,3,4,4,6,2,7,4,5,4,2,4,7,5,4,1,Once a week,More than 3 years,1-2 hours,Female,26-35,Masters Degree,United States of America,"Arts, entertainment or recreation"
75.75.111.139,474,R_cwHEeGv6jZqpjpP,39.01379395,-77.3986969,Yes,7,6,4,6,2,3,2,4,1,4,2,1,5,4,3,4,2,4,2,5,4,5,4,5,3,2,3,4,3,2,4,3,3,1,5,4,3,4,4,1,3,5,4,3,4,7,4,4,3,5,4,Once a week,More than 3 years,Less than one hour,Male,36-50,4-year College Degree,United States of America,Accommodation or food services
73.23.34.20,389,R_81X0dq5jL9T9Bjf,26.15260315,-81.73639679,Yes,7,7,2,6,3,4,6,7,2,7,5,4,6,7,2,5,5,7,4,5,7,7,5,5,7,1,1,4,6,2,3,2,3,2,5,5,4,5,6,6,4,6,7,6,3,2,4,4,4,3,4,Once a week,7-12 months,Less than one hour,Female,26-35,Some College,United States of America,Finance or insurance
158.222.8.105,236,R_2ofdhbzCUM635Wt,39.81599426,-75.50450134,Yes,7,7,7,7,6,6,6,7,1,5,6,6,6,6,6,7,7,6,6,6,4,6,6,6,7,6,6,7,6,6,7,7,6,6,7,6,5,6,6,6,7,6,6,7,7,6,6,7,6,6,7,Once a week,7-12 months,Less than one hour,Female,26-35,4-year College Degree,United States of America,Educational services
104.50.248.234,440,R_6F3q7XW2ccZJuO9,39.59249878,-86.11109924,Yes,7,5,5,4,4,4,4,4,4,5,5,4,6,5,4,4,4,6,6,6,6,6,5,5,5,5,5,5,6,4,4,4,4,4,4,4,4,4,5,5,4,4,4,4,4,4,4,5,6,4,4,Once a week,1-3 years,1-2 hours,Female,36-50,4-year College Degree,United States of America,Real estate or rental and leasing
173.64.120.153,206,R_9HOyfMUFJuNZEvH,39.25700378,-76.79460144,Yes,4,3,3,4,2,1,3,4,6,6,2,2,2,5,6,3,3,4,2,1,5,3,2,4,6,4,2,3,3,2,2,2,2,1,2,2,3,4,4,2,2,4,5,5,2,3,2,3,3,2,3,Once in a month or less,More than 3 years,Less than one hour,Female,26-35,Masters Degree,United States of America,Health care or social assistance
73.110.38.141,280,R_428Aae0WOB2sKYl,41.74029541,-87.65399933,Yes,4,2,2,3,1,2,2,2,5,5,2,1,2,3,6,2,1,3,1,3,7,4,2,2,4,2,1,2,1,1,2,1,1,1,2,2,1,1,1,7,1,1,2,2,1,1,1,2,1,1,2,Once in a month or less,More than 3 years,Less than one hour,Female,36-50,4-year College Degree,United States of America,Retail trade
198.74.7.128,202,R_8cSUge1yRbqCigd,44.94219971,-93.29399872,Yes,4,3,2,3,1,1,1,4,6,4,1,1,1,3,3,2,1,2,1,4,4,4,3,3,3,1,1,1,1,1,1,1,1,1,1,1,2,1,1,5,2,3,1,1,1,1,1,1,1,1,1,Once in a month or less,More than 3 years,Less than one hour,Male,36-50,4-year College Degree,United States of America,"Professional, scientific or technical services"
129.78.233.211,2189,R_30uZ8l80Mj3f7yv,-33.86149597,151.2055054,Yes,5,3,3,3,1,1,2,4,3,3,2,3,5,3,5,4,3,3,5,6,5,5,5,5,3,3,5,3,5,1,5,2,3,2,3,5,3,5,5,5,1,5,5,3,2,2,1,5,5,2,3,Once in a month or less,1-3 years,Less than one hour,Male,36-50,Masters Degree,Australia,Information
172.56.14.48,249,R_eyrnGhNVCgx7Nsh,29.76330566,-95.36329651,Yes,5,5,4,5,4,5,3,4,3,5,4,3,4,5,3,5,4,5,4,5,4,5,4,5,5,3,4,5,4,3,4,3,3,3,4,4,5,3,4,3,3,5,4,5,3,3,4,5,3,4,5,Once in a month or less,More than 3 years,Less than one hour,Male,36-50,4-year College Degree,United States of America,Finance or insurance
66.58.144.157,239,R_ewE8FTGP8aknZrL,61.145401,-149.7664032,Yes,5,5,5,4,2,4,4,4,4,4,4,4,4,4,4,4,4,4,3,6,4,4,4,4,4,4,4,4,4,4,4,4,4,4,4,4,4,4,4,4,4,5,4,4,4,4,4,5,4,4,4,Once in a month or less,7-12 months,Less than one hour,Female,36-50,Masters Degree,United States of America,Health care or social assistance
50.113.6.116,540,R_d4EbUxaFgAoITqJ,21.29600525,-157.8273926,Yes,5,4,4,4,2,5,5,5,1,6,4,5,4,6,4,6,4,5,4,5,2,6,6,6,6,4,5,5,4,5,5,4,4,2,6,6,5,6,6,4,4,5,6,5,5,4,3,4,4,5,4,Once in a month or less,1-3 years,1-2 hours,Female,Under 25,4-year College Degree,United States of America,Unclassified establishments
97.92.59.18,258,R_5C34cIMksDR9DjD,44.82189941,-85.98699951,Yes,5,4,4,3,2,2,5,5,5,7,3,3,2,3,6,4,4,5,3,6,5,4,5,6,7,4,7,3,3,1,2,2,3,1,2,2,4,3,3,7,2,4,5,4,2,3,3,2,3,3,1,Once in a month or less,1-6 months,Less than one hour,Male,36-50,4-year College Degree,United States of America,Retail trade
68.82.226.200,224,R_3n2yDkpqMWoTVtj,39.99110413,-75.10140228,Yes,5,5,6,5,4,2,4,4,4,4,6,5,5,6,5,4,4,4,5,5,4,5,6,7,7,6,5,5,6,6,5,4,5,6,7,5,6,5,5,6,5,4,4,6,5,6,5,5,6,6,5,Once in a month or less,7-12 months,Less than one hour,Female,36-50,High School,United States of America,Transportation or warehousing
24.253.5.11,639,R_881OdDJup8P4Sm9,36.14430237,-115.1829987,Yes,5,5,5,5,3,5,5,5,3,5,5,4,5,5,5,5,5,5,3,6,6,5,5,5,5,4,3,5,5,3,5,3,5,3,5,5,4,5,5,5,5,4,5,4,4,5,4,4,5,5,5,Once in a month or less,1-3 years,Less than one hour,Female,Over 50,2-year College Degree,United States of America,Finance or insurance
68.190.19.28,234,R_0ocOKsGS0bPUSDr,33.64639282,-86.56960297,Yes,6,5,5,5,2,4,5,5,1,6,4,2,5,5,3,5,5,6,2,3,4,6,4,5,6,4,2,5,3,3,4,3,3,1,5,5,5,4,5,4,2,4,5,2,4,2,2,4,4,4,4,Once in a month or less,1-3 years,Less than one hour,Male,Over 50,Some College,United States of America,Finance or insurance
70.197.3.217,283,R_cD9kqfM1zHAER7f,34.05439758,-118.2440033,Yes,6,6,4,4,3,4,6,6,1,5,4,5,6,6,5,5,6,6,5,7,6,6,6,4,3,4,3,5,5,4,5,3,6,3,5,5,4,4,4,3,4,4,6,3,4,6,3,4,5,5,5,Once in a month or less,1-3 years,Less than one hour,Female,36-50,Masters Degree,United States of America,Educational services
73.147.202.160,334,R_6nDFIlyYwbFEZrn,37.2736969,-77.21970367,Yes,6,6,4,5,2,5,3,4,3,4,4,2,4,3,4,4,4,5,3,2,1,4,4,4,3,2,1,3,3,1,4,4,5,2,4,5,2,4,5,4,3,5,5,4,5,3,4,3,4,4,5,Once in a month or less,7-12 months,Less than one hour,Male,26-35,High School,United States of America,Information
203.13.128.104,48799,R_5oKT2UHrPLLN5yV,-33.79119873,151.1297913,Yes,7,3,3,2,1,5,1,7,1,1,1,1,7,7,4,7,1,6,4,5,7,7,3,3,7,3,3,2,3,2,3,1,1,1,6,6,6,3,4,2,6,5,6,6,2,1,2,4,4,3,1,Once in a month or less,More than 3 years,Less than one hour,Female,26-35,Professional Degree,Australia,"Professional, scientific or technical services"
24.20.159.132,308,R_b13YF7M1qu4RycJ,45.5144043,-122.6432953,Yes,7,4,4,4,1,3,5,5,4,4,4,4,4,4,4,4,4,4,4,4,4,4,4,4,4,4,4,4,4,4,4,4,4,4,4,4,4,4,4,4,4,4,4,4,4,4,4,4,4,4,4,Once in a month or less,More than 3 years,Less than one hour,Female,36-50,4-year College Degree,United States of America,"Professional, scientific or technical services"
70.124.152.197,1866,R_2sizYJgiDIpBdLT,30.36599731,-97.64369965,Yes,7,5,4,4,1,4,3,4,5,1,5,4,3,2,3,3,4,3,5,2,3,4,3,5,4,5,4,5,4,5,5,4,3,5,4,5,3,3,4,4,4,5,4,4,4,3,4,4,4,2,2,Once in a month or less,1-3 years,Less than one hour,Female,36-50,Doctoral Degree,United States of America,Educational services
71.13.225.11,291,R_9Z8cqlkP0kY5Zgp,42.56019592,-85.8585968,Yes,7,7,6,7,5,7,6,7,2,7,5,5,7,7,5,6,5,5,3,6,5,6,4,6,6,5,6,7,6,5,6,6,6,4,6,5,5,5,5,2,5,7,7,5,5,4,5,6,5,4,4,Once in a month or less,More than 3 years,Less than one hour,Female,36-50,4-year College Degree,United States of America,Real estate or rental and leasing
73.31.223.54,2831,R_7OJwqZ6sI9wQsMR,,,Yes,7,7,7,7,6,6,3,7,1,7,7,7,7,5,2,7,5,,,,,,,,,,,,,,,,,,,,,,,,,,,,,,,,,,,,,,,,,,
